id,slug,name,category,issue_type,detail
"catalog-1","signature-solar-1000ft-10-awg-copper-pv-wire-black-and-red-1","1000ft 10 AWG Copper PV Wire | Black and Red","Solar panels","category","Listed under Solar panels but the product is PV wire; likely miscategorised."
"catalog-258","current-connected-4-mit-dry-119-15kva-split-phase-step-down-transformer-480v-or-240v-to-120-240v-transformer-for-commercial-258","4-MIT-DRY-119 15kVA Split-Phase Step-Down Transformer, 480V or 240V to 120/240V, Transformer for Commercial or Residential Power","Whole-home backup","category","Listed under Whole-home backup but the product is a step-down transformer; likely miscategorised."
"catalog-258","current-connected-4-mit-dry-119-15kva-split-phase-step-down-transformer-480v-or-240v-to-120-240v-transformer-for-commercial-258","4-MIT-DRY-119 15kVA Split-Phase Step-Down Transformer, 480V or 240V to 120/240V, Transformer for Commercial or Residential Power","Whole-home backup","thin or truncated source","thin source"
"catalog-4","signature-solar-72in-4-0-awg-battery-to-inverter-cables-black-and-red-4","72in 4/0 AWG Battery to Inverter Cables | Black and Red","Batteries","other","Listed under Batteries but the product is cabling; may belong in accessories."
"catalog-5","signature-solar-96in-4-0-awg-battery-to-inverter-cables-black-and-red-5","96in 4/0 AWG Battery to Inverter Cables | Black and Red","Batteries","other","Listed under Batteries but the product is cabling; may belong in accessories."
"catalog-59","signature-solar-eg-star-pallet-of-440w-bifacial-solar-panels-36-panels-59","EG Star Pallet of 440W Bifacial Solar Panels | 36 Panels","Solar panels","other","Name says EG Star and bifacial; manufacturer text says EGING and does not mention bifacial."
"catalog-59","signature-solar-eg-star-pallet-of-440w-bifacial-solar-panels-36-panels-59","EG Star Pallet of 440W Bifacial Solar Panels | 36 Panels","Solar panels","other","VOC 38.93 and ISC 14.57 are listed without units; omitted from copy."
"catalog-340","current-connected-mnp-mn15-12kw-aio-48v-11-4kw-ac-output-hybrid-all-in-one-inverter-ul-1741-solar-inverter-with-smart-ports-340","MNP MN15-12KW-AIO 48V 11.4kW AC Output Hybrid All-in-One Inverter, UL 1741 Solar Inverter with Smart Ports","Home integration","rating or data conflict","Rating conflict: ratedOutputW 12000 vs 11.4kW AC output in name and text; no output figure used."
"catalog-340","current-connected-mnp-mn15-12kw-aio-48v-11-4kw-ac-output-hybrid-all-in-one-inverter-ul-1741-solar-inverter-with-smart-ports-340","MNP MN15-12KW-AIO 48V 11.4kW AC Output Hybrid All-in-One Inverter, UL 1741 Solar Inverter with Smart Ports","Home integration","other","Condition is used; manufacturer text describes a new unit and gives no detail on this unit's condition."
"catalog-340","current-connected-mnp-mn15-12kw-aio-48v-11-4kw-ac-output-hybrid-all-in-one-inverter-ul-1741-solar-inverter-with-smart-ports-340","MNP MN15-12KW-AIO 48V 11.4kW AC Output Hybrid All-in-One Inverter, UL 1741 Solar Inverter with Smart Ports","Home integration","other","Manufacturer text mentions a warranty; omitted per policy."
"catalog-341","current-connected-mnp-mnpowerflo16-48v-16-08kwh-314ah-lifepo4-wall-mount-battery-ip65-ul-1973-ul-9540-heated-lithium-batter-341","MNP MNPowerflo16 48V 16.08kWh 314Ah LiFePO4 Wall Mount Battery, IP65, UL 1973 & UL 9540 Heated Lithium Battery","Solar panels","category","Listed under Solar panels but the product is a battery; likely miscategorised."
"catalog-341","current-connected-mnp-mnpowerflo16-48v-16-08kwh-314ah-lifepo4-wall-mount-battery-ip65-ul-1973-ul-9540-heated-lithium-batter-341","MNP MNPowerflo16 48V 16.08kWh 314Ah LiFePO4 Wall Mount Battery, IP65, UL 1973 & UL 9540 Heated Lithium Battery","Solar panels","other","Manufacturer text mentions both passive balancing and active balancing."
"catalog-342","current-connected-mnp-mnpowerflo5-48v-100ah-5-12kwh-lifepo4-server-rack-battery-ul-1973-ul-9540-lithium-battery-342","MNP MNPowerflo5 48V 100Ah 5.12kWh LiFePO4 Server Rack Battery, UL 1973 & UL 9540 Lithium Battery","Solar panels","category","Listed under Solar panels but the product is a battery; likely miscategorised."
"catalog-173","signature-solar-satic-shield-gen-lll-sd-power-perfect-173","Satic Shield | GEN lll SD Power Perfect","Home integration","rating or data conflict","Rating conflict: ratedOutputW 600 vs 3,600W in text; no power figure used."
"catalog-173","signature-solar-satic-shield-gen-lll-sd-power-perfect-173","Satic Shield | GEN lll SD Power Perfect","Home integration","other","Energy-reduction and '#1 Solar Adder for 2023' claims are unverified; not repeated as fact."
"catalog-173","signature-solar-satic-shield-gen-lll-sd-power-perfect-173","Satic Shield | GEN lll SD Power Perfect","Home integration","other","Name spelling 'Satic Shield' and 'GEN lll' may be typos for Static Shield and GEN III."
"catalog-198","signature-solar-sunpro-440w-pallet-of-bifacial-solar-panels-36-panels-198","SunPro 440W Pallet of Bifacial Solar Panels | 36 Panels","Solar panels","other","Source text contained stray web markup; ignored."
"catalog-255","signature-solar-wattnode-wide-range-modbus-meter-with-accu-ct-split-core-cts-255","Wattnode Wide-Range Modbus Meter with Accu-CT Split-Core CTs","Home integration","other","Name says 'with Accu-CT Split-Core CTs' but the text does not confirm CTs are included or their size."
"catalog-256","signature-solar-wiren-server-rack-battery-48v-100ah-u5-256","Wiren | Server Rack Battery | 48V 100AH | U5","Batteries","other","Source text contained stray web markup; ignored."
"catalog-7","signature-solar-abb-reliahome-smart-panel-outdoor-hem2-7","ABB ReliaHome Smart Panel | Outdoor HEM2","Solar panels","category","Listed under Solar panels but the product is a smart electrical panel; likely miscategorised."
"catalog-708","anker-solix-10-circuit-manual-transfer-switch-120v-240v-10-circuit-transfer-switch-30-amp-cable-for-f3800-plus-2-f300-708","10-Circuit Manual Transfer Switch (120V/240V, 10-Circuit Transfer Switch + 30 Amp Cable, For F3800 Plus & 2× F3000)","Home integration","thin or truncated source","thin source"
"catalog-708","anker-solix-10-circuit-manual-transfer-switch-120v-240v-10-circuit-transfer-switch-30-amp-cable-for-f3800-plus-2-f300-708","10-Circuit Manual Transfer Switch (120V/240V, 10-Circuit Transfer Switch + 30 Amp Cable, For F3800 Plus & 2× F3000)","Home integration","thin or truncated source","Text says '2x F300', likely truncated or a typo for F3000."
"catalog-708","anker-solix-10-circuit-manual-transfer-switch-120v-240v-10-circuit-transfer-switch-30-amp-cable-for-f3800-plus-2-f300-708","10-Circuit Manual Transfer Switch (120V/240V, 10-Circuit Transfer Switch + 30 Amp Cable, For F3800 Plus & 2× F3000)","Home integration","other","Name lists a 30 Amp cable but the text does not confirm it is included."
"catalog-676","anker-solix-10-circuit-manual-transfer-switch-120v-240v-50-amp-for-f3800-2-f3800-plus-676","10-Circuit Manual Transfer Switch(120V/240V, 50 Amp, For F3800, 2× F3800 Plus)","Home integration","thin or truncated source","thin source"
"catalog-700","anker-solix-2-anker-solix-c1000-portable-power-station-700","2× Anker SOLIX C1000 Portable Power Station","Portable power","thin or truncated source","thin source"
"catalog-700","anker-solix-2-anker-solix-c1000-portable-power-station-700","2× Anker SOLIX C1000 Portable Power Station","Portable power","thin or truncated source","Output figure (2400W) appears only in truncated text and is unconfirmed by name; not stated."
"catalog-751","anker-solix-2-anker-solix-c200-dc-portable-power-station-192wh-200w-751","2× Anker SOLIX C200 DC Portable Power Station - 192Wh | 200W","Portable power","thin or truncated source","thin source"
"catalog-749","anker-solix-2-anker-solix-c300-dc-portable-power-station-288wh-300w-749","2× Anker SOLIX C300 DC Portable Power Station - 288Wh | 300W","Portable power","thin or truncated source","thin source"
"catalog-703","anker-solix-2-anker-solix-c300-portable-power-station-703","2× Anker SOLIX C300 Portable Power Station","Portable power","thin or truncated source","thin source"
"catalog-703","anker-solix-2-anker-solix-c300-portable-power-station-703","2× Anker SOLIX C300 Portable Power Station","Portable power","rating or data conflict","Text does not say how this listing differs from the C300 DC two-pack."
"catalog-743","anker-solix-2-anker-solix-everfrost-2-40l-electric-cooler-42qt-743","2× Anker SOLIX EverFrost 2 40L Electric Cooler (42QT)","Portable power","thin or truncated source","thin source"
"catalog-743","anker-solix-2-anker-solix-everfrost-2-40l-electric-cooler-42qt-743","2× Anker SOLIX EverFrost 2 40L Electric Cooler (42QT)","Portable power","category","Listed under Portable power but the product is an electric cooler; may be miscategorised."
"catalog-707","anker-solix-2-anker-solix-f3000-10-circuit-manual-transfer-switch-707","2× Anker SOLIX F3000 + 10-Circuit Manual Transfer Switch","Home integration","thin or truncated source","thin source"
"catalog-707","anker-solix-2-anker-solix-f3000-10-circuit-manual-transfer-switch-707","2× Anker SOLIX F3000 + 10-Circuit Manual Transfer Switch","Home integration","other","ratedOutputW 600 is unconfirmed and inconsistent with the text; not stated."
"catalog-704","anker-solix-2-anker-solix-f3000-ul9540-certificated-double-power-hub-704","2× Anker SOLIX F3000(UL9540 Certificated) + Double Power Hub","Portable power","thin or truncated source","thin source"
"catalog-705","anker-solix-2-anker-solix-f3000-ul9540-certificated-power-saver-kit-705","2× Anker SOLIX F3000(UL9540 Certificated) + Power Saver Kit","Portable power","thin or truncated source","thin source"
"catalog-705","anker-solix-2-anker-solix-f3000-ul9540-certificated-power-saver-kit-705","2× Anker SOLIX F3000(UL9540 Certificated) + Power Saver Kit","Portable power","other","Text does not describe the Power Saver Kit."
"catalog-706","anker-solix-2-anker-solix-f3000-ul9540-certificated-power-saver-kit-transfer-switch-706","2× Anker SOLIX F3000(UL9540 Certificated) + Power Saver Kit + Transfer Switch","Home integration","thin or truncated source","thin source"
"catalog-706","anker-solix-2-anker-solix-f3000-ul9540-certificated-power-saver-kit-transfer-switch-706","2× Anker SOLIX F3000(UL9540 Certificated) + Power Saver Kit + Transfer Switch","Home integration","other","ratedOutputW 600 is unconfirmed and inconsistent with the text; not stated."
"catalog-706","anker-solix-2-anker-solix-f3000-ul9540-certificated-power-saver-kit-transfer-switch-706","2× Anker SOLIX F3000(UL9540 Certificated) + Power Saver Kit + Transfer Switch","Home integration","other","Text does not describe the Power Saver Kit or transfer switch specs."
"catalog-690","anker-solix-2-anker-solix-f3800-7-68kwh-12kw-smart-home-power-kit-690","2× Anker SOLIX F3800 (7.68kWh | 12kW) + Smart Home Power Kit","Home integration","thin or truncated source","thin source"
"catalog-702","anker-solix-2-anker-solix-f3800-2-expansion-battery-smart-home-power-kit-4-440w-rigid-solar-panel-702","2× Anker SOLIX F3800 + 2× Expansion Battery + Smart Home Power Kit + 4× 440W Rigid Solar Panel","Solar panels","thin or truncated source","thin source"
"catalog-702","anker-solix-2-anker-solix-f3800-2-expansion-battery-smart-home-power-kit-4-440w-rigid-solar-panel-702","2× Anker SOLIX F3800 + 2× Expansion Battery + Smart Home Power Kit + 4× 440W Rigid Solar Panel","Solar panels","rating or data conflict","Text says 'Accessories sold separately', which conflicts with a bundle that lists accessories."
"catalog-702","anker-solix-2-anker-solix-f3800-2-expansion-battery-smart-home-power-kit-4-440w-rigid-solar-panel-702","2× Anker SOLIX F3800 + 2× Expansion Battery + Smart Home Power Kit + 4× 440W Rigid Solar Panel","Solar panels","other","Listed under Solar panels but the bundle is mainly a power station system."
"catalog-663","anker-solix-2-anker-solix-f3800-double-power-hub-2-expansion-battery-663","2× Anker SOLIX F3800 + Double Power Hub + 2× Expansion Battery","Batteries","thin or truncated source","thin source"
"catalog-663","anker-solix-2-anker-solix-f3800-double-power-hub-2-expansion-battery-663","2× Anker SOLIX F3800 + Double Power Hub + 2× Expansion Battery","Batteries","rating or data conflict","Text says 'Accessories sold separately', which conflicts with a bundle that lists accessories."
"catalog-696","anker-solix-2-anker-solix-f3800-plus-10-circuit-manual-transfer-switch-696","2× Anker SOLIX F3800 Plus + 10-Circuit Manual Transfer Switch","Home integration","thin or truncated source","thin source"
"catalog-696","anker-solix-2-anker-solix-f3800-plus-10-circuit-manual-transfer-switch-696","2× Anker SOLIX F3800 Plus + 10-Circuit Manual Transfer Switch","Home integration","other","ratedOutputW 200 is unconfirmed and implausible for this product; not stated."
"catalog-583","anker-solix-2-anker-solix-f3800-plus-2-expansion-battery-smart-home-power-kit-6-440w-rigid-solar-panel-583","2× Anker SOLIX F3800 Plus + 2× Expansion Battery + Smart Home Power Kit + 6× 440W Rigid Solar Panel","Solar panels","thin or truncated source","thin source"
"catalog-709","anker-solix-2-anker-solix-f3800-plus-2-expansion-battery-smart-home-power-panel-8-440w-rigid-solar-panel-709","2× Anker SOLIX F3800 Plus + 2× Expansion Battery + Smart Home Power Panel + 8× 440W Rigid Solar Panel","Solar panels","thin or truncated source","thin source"
"catalog-672","anker-solix-2-anker-solix-f3800-plus-double-power-hub-672","2× Anker SOLIX F3800 Plus + Double Power Hub","Portable power","thin or truncated source","thin source"
"catalog-584","anker-solix-2-anker-solix-f3800-plus-double-power-hub-2-expansion-battery-584","2× Anker SOLIX F3800 Plus + Double Power Hub + 2× Expansion Battery","Portable power","thin or truncated source","thin source"
"catalog-588","anker-solix-3-anker-solix-c2000-gen-2-portable-power-station-588","3× Anker SOLIX C2000 Gen 2 Portable Power Station","Portable power","thin or truncated source","thin source"
"catalog-588","anker-solix-3-anker-solix-c2000-gen-2-portable-power-station-588","3× Anker SOLIX C2000 Gen 2 Portable Power Station","Portable power","rating or data conflict","ratedOutputW 9 is the idle consumption, not output."
"catalog-588","anker-solix-3-anker-solix-c2000-gen-2-portable-power-station-588","3× Anker SOLIX C2000 Gen 2 Portable Power Station","Portable power","rating or data conflict","capacityWh 4000 is the per-unit expandable maximum, not the bundle capacity."
"catalog-589","anker-solix-440w-rigid-solar-panel-589","440W Rigid Solar Panel","Solar panels","thin or truncated source","thin source"
"catalog-591","anker-solix-6-circuit-manual-transfer-switch-120v-30-amp-for-f3000-f2600-f2000-591","6-Circuit Manual Transfer Switch (120V, 30 Amp, For F3000, F2600, F2000)","Home integration","thin or truncated source","thin source"
"catalog-591","anker-solix-6-circuit-manual-transfer-switch-120v-30-amp-for-f3000-f2600-f2000-591","6-Circuit Manual Transfer Switch (120V, 30 Amp, For F3000, F2600, F2000)","Home integration","other","Name says 120V; text says 125V."
"catalog-12","anker-solix-anker-solix-bp1000-expansion-battery-1056wh-lfp-for-solix-c1000-a1761b-12","Anker | SOLIX BP1000 Expansion Battery 1056Wh LFP | For SOLIX C1000 | A1761B","Batteries","rating or data conflict","Model number differs: name A1761B vs text A1761111-85."
"catalog-12","anker-solix-anker-solix-bp1000-expansion-battery-1056wh-lfp-for-solix-c1000-a1761b-12","Anker | SOLIX BP1000 Expansion Battery 1056Wh LFP | For SOLIX C1000 | A1761B","Batteries","other","Manufacturer text mentions a warranty; omitted per policy."
"catalog-13","anker-solix-anker-solix-bp2600-expansion-battery-2048wh-lfp-for-solix-2600-a1781111-85-13","Anker | SOLIX BP2600 Expansion Battery 2048Wh LFP | For SOLIX 2600 | A1781111-85","Batteries","rating or data conflict","Capacity conflict: name and capacityWh give 2048Wh, manufacturerText gives 2,560Wh; neither figure used in copy."
"catalog-13","anker-solix-anker-solix-bp2600-expansion-battery-2048wh-lfp-for-solix-2600-a1781111-85-13","Anker | SOLIX BP2600 Expansion Battery 2048Wh LFP | For SOLIX 2600 | A1781111-85","Batteries","other","Same model name as catalog-601 (listed there as 2560Wh); possible duplicate or mislabelled listing."
"catalog-14","anker-solix-anker-solix-bp3000-expansion-battery-3072wh-lfp-for-solix-f3000-14","Anker | SOLIX BP3000 Expansion Battery 3072Wh LFP | For SOLIX F3000","Batteries","rating or data conflict","Manufacturer max expansion of 12,288Wh 'with 3 units' does not match 3072Wh x 3; omitted from copy."
"catalog-592","anker-solix-anker-521-powerhouse-256wh-200w-refurbished-592","Anker 521 PowerHouse - 256Wh | 200W (Refurbished)","Portable power","thin or truncated source","thin source"
"catalog-592","anker-solix-anker-521-powerhouse-256wh-200w-refurbished-592","Anker 521 PowerHouse - 256Wh | 200W (Refurbished)","Portable power","thin or truncated source","manufacturerText is truncated"
"catalog-593","anker-solix-anker-535-powerhouse-512wh-500w-593","Anker 535 PowerHouse - 512Wh | 500W","Portable power","thin or truncated source","thin source"
"catalog-593","anker-solix-anker-535-powerhouse-512wh-500w-593","Anker 535 PowerHouse - 512Wh | 500W","Portable power","thin or truncated source","manufacturerText is truncated"
"catalog-594","anker-solix-anker-535-powerhouse-512wh-500w-refurbished-594","Anker 535 PowerHouse - 512Wh | 500W (Refurbished)","Portable power","thin or truncated source","thin source"
"catalog-594","anker-solix-anker-535-powerhouse-512wh-500w-refurbished-594","Anker 535 PowerHouse - 512Wh | 500W (Refurbished)","Portable power","thin or truncated source","manufacturerText is truncated"
"catalog-596","anker-solix-anker-555-powerhouse-1024wh-1000w-596","Anker 555 PowerHouse - 1024Wh | 1000W","Portable power","thin or truncated source","thin source"
"catalog-596","anker-solix-anker-555-powerhouse-1024wh-1000w-596","Anker 555 PowerHouse - 1024Wh | 1000W","Portable power","thin or truncated source","manufacturerText is truncated"
"catalog-597","anker-solix-anker-everfrost-dual-zone-portable-cooler-50-with-new-299wh-battery-powered-by-ac-dc-solar-597","Anker EverFrost Dual-Zone Portable Cooler 50 with New 299Wh Battery, Powered by AC/DC/Solar","Batteries","other","ratedOutputW 100 appears to be the solar input figure, not an output rating."
"catalog-597","anker-solix-anker-everfrost-dual-zone-portable-cooler-50-with-new-299wh-battery-powered-by-ac-dc-solar-597","Anker EverFrost Dual-Zone Portable Cooler 50 with New 299Wh Battery, Powered by AC/DC/Solar","Batteries","category","Category 'Batteries' likely wrong; this is a portable cooler."
"catalog-665","anker-solix-anker-everfrost-portable-cooler-30-with-new-299wh-battery-powered-by-ac-dc-solar-665","Anker EverFrost Portable Cooler 30 with New 299Wh Battery, Powered by AC/DC/Solar","Batteries","other","ratedOutputW 100 appears to be the solar input figure, not an output rating."
"catalog-665","anker-solix-anker-everfrost-portable-cooler-30-with-new-299wh-battery-powered-by-ac-dc-solar-665","Anker EverFrost Portable Cooler 30 with New 299Wh Battery, Powered by AC/DC/Solar","Batteries","category","Category 'Batteries' likely wrong; this is a portable cooler."
"catalog-683","anker-solix-anker-powerhouse-522-299wh-300w-683","Anker PowerHouse 522 - 299Wh | 300W","Portable power","thin or truncated source","thin source"
"catalog-683","anker-solix-anker-powerhouse-522-299wh-300w-683","Anker PowerHouse 522 - 299Wh | 300W","Portable power","thin or truncated source","manufacturerText is truncated"
"catalog-682","anker-solix-anker-solix-bp1000-expansion-battery-1056wh-lfp-for-c1000-682","Anker SOLIX BP1000 Expansion Battery - 1056Wh LFP (For C1000)","Batteries","thin or truncated source","manufacturerText is truncated at 'Note: Not', which may be a compatibility caveat; verify before publishing."
"catalog-748","anker-solix-anker-solix-bp1000-expansion-battery-1056wh-lfp-for-c1000-refurbished-748","Anker SOLIX BP1000 Expansion Battery - 1056Wh LFP (For C1000) (Refurbished)","Batteries","thin or truncated source","manufacturerText is truncated at 'Note: Not', which may be a compatibility caveat; verify before publishing."
"catalog-748","anker-solix-anker-solix-bp1000-expansion-battery-1056wh-lfp-for-c1000-refurbished-748","Anker SOLIX BP1000 Expansion Battery - 1056Wh LFP (For C1000) (Refurbished)","Batteries","rating or data conflict","Refurbished warranty terms in source differ from new unit; warranty not mentioned in copy."
"catalog-686","anker-solix-anker-solix-bp2000-expansion-battery-2-048wh-lfp-for-f2000-f2600-686","Anker SOLIX BP2000 Expansion Battery - 2,048Wh LFP (For F2000, F2600)","Portable power","thin or truncated source","thin source"
"catalog-686","anker-solix-anker-solix-bp2000-expansion-battery-2-048wh-lfp-for-f2000-f2600-686","Anker SOLIX BP2000 Expansion Battery - 2,048Wh LFP (For F2000, F2600)","Portable power","other","manufacturerText is generic power station copy, not specific to the BP2000."
"catalog-686","anker-solix-anker-solix-bp2000-expansion-battery-2-048wh-lfp-for-f2000-f2600-686","Anker SOLIX BP2000 Expansion Battery - 2,048Wh LFP (For F2000, F2600)","Portable power","category","Category 'Portable power' likely wrong; this is an expansion battery."
"catalog-601","anker-solix-anker-solix-bp2600-expansion-battery-2560wh-lfp-for-f2000-f2600-601","Anker SOLIX BP2600 Expansion Battery - 2560Wh LFP (For F2000, F2600)","Batteries","thin or truncated source","thin source"
"catalog-601","anker-solix-anker-solix-bp2600-expansion-battery-2560wh-lfp-for-f2000-f2600-601","Anker SOLIX BP2600 Expansion Battery - 2560Wh LFP (For F2000, F2600)","Batteries","other","Same model name as catalog-13, which lists 2048Wh; possible duplicate or mislabelled listing."
"catalog-678","anker-solix-anker-solix-bp3800-expansion-battery-3840wh-lfp-for-f3800-and-f3800-plus-678","Anker SOLIX BP3800 Expansion Battery - 3840Wh LFP (For F3800 and F3800 Plus)","Batteries","thin or truncated source","thin source"
"catalog-745","anker-solix-anker-solix-bp3800-expansion-battery-3840wh-lfp-refurbished-745","Anker SOLIX BP3800 Expansion Battery - 3840Wh LFP (Refurbished)","Batteries","thin or truncated source","thin source"
"catalog-603","anker-solix-anker-solix-c1000-alternator-charger-603","Anker SOLIX C1000 + Alternator Charger","Batteries","thin or truncated source","thin source"
"catalog-603","anker-solix-anker-solix-c1000-alternator-charger-603","Anker SOLIX C1000 + Alternator Charger","Batteries","other","manufacturerText describes the C1000 only; no details on the alternator charger."
"catalog-603","anker-solix-anker-solix-c1000-alternator-charger-603","Anker SOLIX C1000 + Alternator Charger","Batteries","other","Bundle contents not listed in source."
"catalog-603","anker-solix-anker-solix-c1000-alternator-charger-603","Anker SOLIX C1000 + Alternator Charger","Batteries","category","Category 'Batteries' likely wrong; this is a power station bundle."
"catalog-604","anker-solix-anker-solix-c1000-everfrost-2-58l-electric-cooler-604","Anker SOLIX C1000 + EverFrost 2 58L Electric Cooler","Portable power","thin or truncated source","thin source"
"catalog-604","anker-solix-anker-solix-c1000-everfrost-2-58l-electric-cooler-604","Anker SOLIX C1000 + EverFrost 2 58L Electric Cooler","Portable power","other","manufacturerText describes the cooler only; no C1000 details."
"catalog-604","anker-solix-anker-solix-c1000-everfrost-2-58l-electric-cooler-604","Anker SOLIX C1000 + EverFrost 2 58L Electric Cooler","Portable power","other","Bundle contents not listed in source."
"catalog-607","anker-solix-anker-solix-c1000-gen-2-alternator-charger-607","Anker SOLIX C1000 Gen 2 + Alternator Charger","Portable power","thin or truncated source","thin source"
"catalog-607","anker-solix-anker-solix-c1000-gen-2-alternator-charger-607","Anker SOLIX C1000 Gen 2 + Alternator Charger","Portable power","other","capacityWh 2000 appears to come from a '2kWh power station' example in the source, not a C1000 Gen 2 spec; not used."
"catalog-607","anker-solix-anker-solix-c1000-gen-2-alternator-charger-607","Anker SOLIX C1000 Gen 2 + Alternator Charger","Portable power","other","Bundle contents not listed in source."
"catalog-608","anker-solix-anker-solix-c1000-gen-2-portable-power-station-with-100w-bifacial-solar-panel-608","Anker SOLIX C1000 Gen 2 Portable Power Station with 100W Bifacial Solar Panel","Solar panels","thin or truncated source","thin source"
"catalog-608","anker-solix-anker-solix-c1000-gen-2-portable-power-station-with-100w-bifacial-solar-panel-608","Anker SOLIX C1000 Gen 2 Portable Power Station with 100W Bifacial Solar Panel","Solar panels","thin or truncated source","manufacturerText is truncated; panel specs not described."
"catalog-608","anker-solix-anker-solix-c1000-gen-2-portable-power-station-with-100w-bifacial-solar-panel-608","Anker SOLIX C1000 Gen 2 Portable Power Station with 100W Bifacial Solar Panel","Solar panels","category","Category 'Solar panels' may be wrong; this is a power station bundle."
"catalog-609","anker-solix-anker-solix-c1000-gen-2-portable-power-station-with-200w-bifacial-solar-panel-609","Anker SOLIX C1000 Gen 2 Portable Power Station with 200W Bifacial Solar Panel","Solar panels","thin or truncated source","thin source"
"catalog-609","anker-solix-anker-solix-c1000-gen-2-portable-power-station-with-200w-bifacial-solar-panel-609","Anker SOLIX C1000 Gen 2 Portable Power Station with 200W Bifacial Solar Panel","Solar panels","thin or truncated source","manufacturerText is truncated; panel specs not described."
"catalog-609","anker-solix-anker-solix-c1000-gen-2-portable-power-station-with-200w-bifacial-solar-panel-609","Anker SOLIX C1000 Gen 2 Portable Power Station with 200W Bifacial Solar Panel","Solar panels","category","Category 'Solar panels' may be wrong; this is a power station bundle."
"catalog-689","anker-solix-anker-solix-c1000-portable-power-station-1056wh-1800w-689","Anker SOLIX C1000 Portable Power Station - 1056Wh | 1800W","Portable power","thin or truncated source","manufacturerText is truncated"
"catalog-713","anker-solix-anker-solix-c1000-portable-power-station-1056wh-1800w-refurbished-713","Anker SOLIX C1000 Portable Power Station - 1056Wh | 1800W (Refurbished)","Portable power","thin or truncated source","manufacturerText is truncated"
"catalog-611","anker-solix-anker-solix-c1000-with-200w-bifacial-solar-panel-611","Anker SOLIX C1000 with 200W Bifacial Solar Panel","Solar panels","thin or truncated source","thin source"
"catalog-611","anker-solix-anker-solix-c1000-with-200w-bifacial-solar-panel-611","Anker SOLIX C1000 with 200W Bifacial Solar Panel","Solar panels","other","manufacturerText describes the C1000 only; no panel specs."
"catalog-611","anker-solix-anker-solix-c1000-with-200w-bifacial-solar-panel-611","Anker SOLIX C1000 with 200W Bifacial Solar Panel","Solar panels","category","Category 'Solar panels' may be wrong; this is a power station bundle."
"catalog-613","anker-solix-anker-solix-c1000x-portable-power-station-1056wh-1800w-613","Anker SOLIX C1000X Portable Power Station 1056Wh | 1800W","Portable power","thin or truncated source","manufacturerText is truncated; 58-minute recharge time read from truncated text '58 m'."
"catalog-688","anker-solix-anker-solix-c200-dc-solar-generator-60w-solar-panel-688","Anker SOLIX C200 DC Solar Generator + 60W Solar Panel","Solar panels","thin or truncated source","manufacturerText is truncated; panel not described."
"catalog-688","anker-solix-anker-solix-c200-dc-solar-generator-60w-solar-panel-688","Anker SOLIX C200 DC Solar Generator + 60W Solar Panel","Solar panels","category","Category 'Solar panels' may be wrong; this is a power station bundle."
"catalog-718","anker-solix-anker-solix-c2000-gen-2-400w-solar-panel-718","Anker SOLIX C2000 Gen 2 + 400W Solar Panel","Solar panels","thin or truncated source","thin source"
"catalog-718","anker-solix-anker-solix-c2000-gen-2-400w-solar-panel-718","Anker SOLIX C2000 Gen 2 + 400W Solar Panel","Solar panels","rating or data conflict","capacityWh 4000 reflects the maximum expandable capacity, not the base unit; not stated as base capacity."
"catalog-718","anker-solix-anker-solix-c2000-gen-2-400w-solar-panel-718","Anker SOLIX C2000 Gen 2 + 400W Solar Panel","Solar panels","category","Category 'Solar panels' may be wrong; this is a power station bundle."
"catalog-614","anker-solix-anker-solix-c2000-gen-2-alternator-charger-614","Anker SOLIX C2000 Gen 2 + Alternator Charger","Portable power","thin or truncated source","thin source"
"catalog-614","anker-solix-anker-solix-c2000-gen-2-alternator-charger-614","Anker SOLIX C2000 Gen 2 + Alternator Charger","Portable power","rating or data conflict","ratedOutputW 9 is the idle consumption figure, not rated output; not used."
"catalog-614","anker-solix-anker-solix-c2000-gen-2-alternator-charger-614","Anker SOLIX C2000 Gen 2 + Alternator Charger","Portable power","other","Alternator charger not described in source."
"catalog-615","anker-solix-anker-solix-c2000-gen-2-expansion-battery-615","Anker SOLIX C2000 Gen 2 + Expansion Battery","Batteries","thin or truncated source","thin source"
"catalog-615","anker-solix-anker-solix-c2000-gen-2-expansion-battery-615","Anker SOLIX C2000 Gen 2 + Expansion Battery","Batteries","rating or data conflict","ratedOutputW 9 is the idle consumption figure; capacityWh 4000 is the maximum expandable figure; neither confirmed by name, not used as ratings."
"catalog-615","anker-solix-anker-solix-c2000-gen-2-expansion-battery-615","Anker SOLIX C2000 Gen 2 + Expansion Battery","Batteries","category","Category 'Batteries' may be wrong; this is a power station bundle."
"catalog-616","anker-solix-anker-solix-c2000-gen-2-expansion-battery-2-400w-solar-panel-616","Anker SOLIX C2000 Gen 2 + Expansion Battery + 2× 400W Solar Panel","Solar panels","thin or truncated source","thin source"
"catalog-616","anker-solix-anker-solix-c2000-gen-2-expansion-battery-2-400w-solar-panel-616","Anker SOLIX C2000 Gen 2 + Expansion Battery + 2× 400W Solar Panel","Solar panels","rating or data conflict","capacityWh 4000 reflects maximum expandable capacity; not stated as base capacity."
"catalog-616","anker-solix-anker-solix-c2000-gen-2-expansion-battery-2-400w-solar-panel-616","Anker SOLIX C2000 Gen 2 + Expansion Battery + 2× 400W Solar Panel","Solar panels","category","Category 'Solar panels' may be wrong; this is a power station bundle."
"catalog-617","anker-solix-anker-solix-c2000-gen-2-expansion-battery-400w-solar-panel-617","Anker SOLIX C2000 Gen 2 + Expansion Battery + 400W Solar Panel","Solar panels","thin or truncated source","thin source"
"catalog-617","anker-solix-anker-solix-c2000-gen-2-expansion-battery-400w-solar-panel-617","Anker SOLIX C2000 Gen 2 + Expansion Battery + 400W Solar Panel","Solar panels","rating or data conflict","capacityWh 4000 reflects maximum expandable capacity; not stated as base capacity."
"catalog-617","anker-solix-anker-solix-c2000-gen-2-expansion-battery-400w-solar-panel-617","Anker SOLIX C2000 Gen 2 + Expansion Battery + 400W Solar Panel","Solar panels","category","Category 'Solar panels' may be wrong; this is a power station bundle."
"catalog-618","anker-solix-anker-solix-c2000-gen-2-expansion-battery-alternator-charger-618","Anker SOLIX C2000 Gen 2 + Expansion Battery + Alternator Charger","Batteries","thin or truncated source","thin source"
"catalog-618","anker-solix-anker-solix-c2000-gen-2-expansion-battery-alternator-charger-618","Anker SOLIX C2000 Gen 2 + Expansion Battery + Alternator Charger","Batteries","rating or data conflict","ratedOutputW 9 is the idle consumption figure, not rated output; not used."
"catalog-618","anker-solix-anker-solix-c2000-gen-2-expansion-battery-alternator-charger-618","Anker SOLIX C2000 Gen 2 + Expansion Battery + Alternator Charger","Batteries","category","Category 'Batteries' may be wrong; this is a power station bundle."
"catalog-717","anker-solix-anker-solix-c2000-gen-2-portable-power-station-2-048wh-2-400w-717","Anker SOLIX C2000 Gen 2 Portable Power Station - 2,048Wh | 2,400W","Portable power","thin or truncated source","manufacturerText is truncated"
"catalog-750","anker-solix-anker-solix-c2000-gen-2-portable-power-station-2-048wh-2-400w-refurbished-750","Anker SOLIX C2000 Gen 2 Portable Power Station - 2,048Wh | 2,400W (Refurbished)","Portable power","thin or truncated source","manufacturerText is truncated"
"catalog-736","anker-solix-anker-solix-c2000-gen-2-with-200w-bifacial-solar-panel-736","Anker SOLIX C2000 Gen 2 with 200W Bifacial Solar Panel","Solar panels","thin or truncated source","thin source"
"catalog-736","anker-solix-anker-solix-c2000-gen-2-with-200w-bifacial-solar-panel-736","Anker SOLIX C2000 Gen 2 with 200W Bifacial Solar Panel","Solar panels","rating or data conflict","capacityWh 4000 reflects maximum expandable capacity; not stated as base capacity."
"catalog-736","anker-solix-anker-solix-c2000-gen-2-with-200w-bifacial-solar-panel-736","Anker SOLIX C2000 Gen 2 with 200W Bifacial Solar Panel","Solar panels","category","Category 'Solar panels' may be wrong; this is a power station bundle."
"catalog-661","anker-solix-anker-solix-c200x-portable-power-station-661","Anker SOLIX C200X Portable Power Station","Portable power","thin or truncated source","thin source"
"catalog-661","anker-solix-anker-solix-c200x-portable-power-station-661","Anker SOLIX C200X Portable Power Station","Portable power","other","ratedOutputW not confirmed by name; continuous output figure omitted from copy."
"catalog-669","anker-solix-anker-solix-c300-dc-solar-generator-60w-solar-panel-669","Anker SOLIX C300 DC Solar Generator + 60W Solar Panel","Solar panels","thin or truncated source","thin source"
"catalog-669","anker-solix-anker-solix-c300-dc-solar-generator-60w-solar-panel-669","Anker SOLIX C300 DC Solar Generator + 60W Solar Panel","Solar panels","category","Category 'Solar panels' may be wrong; this is a power station bundle."
"catalog-667","anker-solix-anker-solix-c300-portable-power-station-288wh-300w-667","Anker SOLIX C300 Portable Power Station - 288Wh | 300W","Portable power","thin or truncated source","thin source"
"catalog-716","anker-solix-anker-solix-c300-portable-power-station-288wh-300w-refurbished-716","Anker SOLIX C300 Portable Power Station - 288Wh | 300W (Refurbished)","Portable power","thin or truncated source","thin source"
"catalog-699","anker-solix-anker-solix-c300-portable-power-station-c300-dc-portable-power-station-699","Anker SOLIX C300 Portable Power Station + C300 DC Portable Power Station","Portable power","thin or truncated source","thin source"
"catalog-699","anker-solix-anker-solix-c300-portable-power-station-c300-dc-portable-power-station-699","Anker SOLIX C300 Portable Power Station + C300 DC Portable Power Station","Portable power","other","manufacturerText describes only the C300; C300 DC not described."
"catalog-699","anker-solix-anker-solix-c300-portable-power-station-c300-dc-portable-power-station-699","Anker SOLIX C300 Portable Power Station + C300 DC Portable Power Station","Portable power","other","ratedOutputW not confirmed by name; continuous output omitted."
"catalog-664","anker-solix-anker-solix-c300-solar-generator-60w-solar-panel-664","Anker SOLIX C300 Solar Generator + 60W Solar Panel","Solar panels","thin or truncated source","thin source"
"catalog-664","anker-solix-anker-solix-c300-solar-generator-60w-solar-panel-664","Anker SOLIX C300 Solar Generator + 60W Solar Panel","Solar panels","category","Category 'Solar panels' may be wrong; this is a power station bundle."
"catalog-752","anker-solix-anker-solix-c300x-portable-power-station-288wh-300w-752","Anker SOLIX C300X Portable Power Station - 288Wh | 300W","Portable power","thin or truncated source","thin source"
"catalog-744","anker-solix-anker-solix-c300x-portable-power-station-288wh-300w-refurbished-744","Anker SOLIX C300X Portable Power Station - 288Wh | 300W (Refurbished)","Portable power","thin or truncated source","thin source"
"catalog-744","anker-solix-anker-solix-c300x-portable-power-station-288wh-300w-refurbished-744","Anker SOLIX C300X Portable Power Station - 288Wh | 300W (Refurbished)","Portable power","other","Source contains warranty terms; omitted from copy."
"catalog-747","anker-solix-anker-solix-c800-portable-power-station-768wh-1200w-refurbished-747","Anker SOLIX C800 Portable Power Station - 768Wh | 1200W (Refurbished)","Portable power","thin or truncated source","manufacturerText is truncated"
"catalog-619","anker-solix-anker-solix-e10-1-power-module-2-battery-power-dock-619","Anker SOLIX E10 (1× Power Module + 2× Battery) + Power Dock","Solar panels","thin or truncated source","thin source"
"catalog-619","anker-solix-anker-solix-e10-1-power-module-2-battery-power-dock-619","Anker SOLIX E10 (1× Power Module + 2× Battery) + Power Dock","Solar panels","rating or data conflict","capacityWh 12000 (12kWh) not confirmed by name and may describe a different battery count; not used."
"catalog-619","anker-solix-anker-solix-e10-1-power-module-2-battery-power-dock-619","Anker SOLIX E10 (1× Power Module + 2× Battery) + Power Dock","Solar panels","category","Category 'Solar panels' likely wrong; this is a home backup battery system."
"catalog-620","anker-solix-anker-solix-e10-battery-module-b6000-620","Anker SOLIX E10 Battery Module (B6000）","Solar panels","category","Category 'Solar panels' looks wrong; this is a battery module"
"catalog-620","anker-solix-anker-solix-e10-battery-module-b6000-620","Anker SOLIX E10 Battery Module (B6000）","Solar panels","rating or data conflict","capacityWh 30000 reflects maximum system capacity, not a single module (text gives 6,144Wh per battery)"
"catalog-621","anker-solix-anker-solix-e10-trolley-621","Anker SOLIX E10 Trolley","Solar panels","thin or truncated source","thin source"
"catalog-621","anker-solix-anker-solix-e10-trolley-621","Anker SOLIX E10 Trolley","Solar panels","thin or truncated source","Manufacturer text is truncated"
"catalog-621","anker-solix-anker-solix-e10-trolley-621","Anker SOLIX E10 Trolley","Solar panels","category","Category 'Solar panels' looks wrong; this is an E10 accessory"
"catalog-722","anker-solix-anker-solix-e10-whole-home-backup-ul9540-9540a-certified-722","Anker SOLIX E10 Whole-Home Backup (UL9540 & 9540A Certified)","Home integration","other","ratedOutputW and capacityWh not confirmed by name; figures used come from manufacturer text"
"catalog-623","anker-solix-anker-solix-everfrost-2-23l-electric-cooler-24qt-623","Anker SOLIX EverFrost 2 23L Electric Cooler (24QT)","Portable power","thin or truncated source","Manufacturer text is truncated (fast cooling figures cut off)"
"catalog-624","anker-solix-anker-solix-everfrost-2-23l-electric-cooler-removable-battery-624","Anker SOLIX EverFrost 2 23L Electric Cooler + Removable Battery","Batteries","thin or truncated source","Manufacturer text is truncated"
"catalog-624","anker-solix-anker-solix-everfrost-2-23l-electric-cooler-removable-battery-624","Anker SOLIX EverFrost 2 23L Electric Cooler + Removable Battery","Batteries","category","Category 'Batteries' looks wrong; this is a cooler bundle"
"catalog-624","anker-solix-anker-solix-everfrost-2-23l-electric-cooler-removable-battery-624","Anker SOLIX EverFrost 2 23L Electric Cooler + Removable Battery","Batteries","other","Manufacturer text does not state what is included; the battery comes from the product name only"
"catalog-701","anker-solix-anker-solix-everfrost-2-40l-electric-cooler-removable-battery-701","Anker SOLIX EverFrost 2 40L Electric Cooler + Removable Battery","Batteries","thin or truncated source","Manufacturer text is truncated (temperature range cut off)"
"catalog-701","anker-solix-anker-solix-everfrost-2-40l-electric-cooler-removable-battery-701","Anker SOLIX EverFrost 2 40L Electric Cooler + Removable Battery","Batteries","category","Category 'Batteries' looks wrong; this is a cooler bundle"
"catalog-701","anker-solix-anker-solix-everfrost-2-40l-electric-cooler-removable-battery-701","Anker SOLIX EverFrost 2 40L Electric Cooler + Removable Battery","Batteries","other","Name says 'Removable Battery' (singular) while manufacturer text says two batteries are included; confirm bundle contents"
"catalog-9","anker-solix-anker-solix-f1500-portable-power-station-1536wh-1800w-a1772111-9","Anker SOLIX F1500 Portable Power Station 1536Wh | 1800W | A1772111","Portable power","thin or truncated source","UPS description is truncated in manufacturer text; switchover time not stated"
"catalog-670","anker-solix-anker-solix-f2600-6-circuit-manual-transfer-switch-670","Anker SOLIX F2600 + 6-Circuit Manual Transfer Switch","Batteries","thin or truncated source","Manufacturer text is truncated (HyperFlash spec cut off)"
"catalog-670","anker-solix-anker-solix-f2600-6-circuit-manual-transfer-switch-670","Anker SOLIX F2600 + 6-Circuit Manual Transfer Switch","Batteries","category","Category 'Batteries' may be wrong; this is a power station and transfer switch bundle"
"catalog-670","anker-solix-anker-solix-f2600-6-circuit-manual-transfer-switch-670","Anker SOLIX F2600 + 6-Circuit Manual Transfer Switch","Batteries","other","ratedOutputW not confirmed by name and capacityWh missing; figures used come from manufacturer text"
"catalog-680","anker-solix-anker-solix-f2600-bp2000-expansion-battery-4608wh-2400w-680","Anker SOLIX F2600 + BP2000 Expansion Battery - 4608Wh | 2400W","Batteries","rating or data conflict","Capacity conflict: name says 4608Wh while manufacturer text mentions a 2,048Wh battery; no capacity figure used"
"catalog-680","anker-solix-anker-solix-f2600-bp2000-expansion-battery-4608wh-2400w-680","Anker SOLIX F2600 + BP2000 Expansion Battery - 4608Wh | 2400W","Batteries","other","Manufacturer text references the 760 Expansion Battery, not the BP2000 in this bundle"
"catalog-680","anker-solix-anker-solix-f2600-bp2000-expansion-battery-4608wh-2400w-680","Anker SOLIX F2600 + BP2000 Expansion Battery - 4608Wh | 2400W","Batteries","thin or truncated source","Manufacturer text is truncated"
"catalog-685","anker-solix-anker-solix-f2600-portable-power-station-2560wh-2400w-685","Anker SOLIX F2600 Portable Power Station - 2560Wh｜2400W","Portable power","thin or truncated source","Manufacturer text is truncated (HyperFlash spec cut off)"
"catalog-712","anker-solix-anker-solix-f2600-portable-power-station-2560wh-2400w-refurbished-712","Anker SOLIX F2600 Portable Power Station - 2560Wh｜2400W (Refurbished)","Portable power","thin or truncated source","Manufacturer text is truncated (HyperFlash spec cut off)"
"catalog-630","anker-solix-anker-solix-f3000-everfrost-2-58l-electric-cooler-630","Anker SOLIX F3000 + EverFrost 2 58L Electric Cooler","Portable power","thin or truncated source","thin source"
"catalog-630","anker-solix-anker-solix-f3000-everfrost-2-58l-electric-cooler-630","Anker SOLIX F3000 + EverFrost 2 58L Electric Cooler","Portable power","thin or truncated source","Manufacturer text is truncated"
"catalog-630","anker-solix-anker-solix-f3000-everfrost-2-58l-electric-cooler-630","Anker SOLIX F3000 + EverFrost 2 58L Electric Cooler","Portable power","other","No capacity or output ratings provided"
"catalog-710","anker-solix-anker-solix-f3000-portable-power-station-ul9540-certificated-710","Anker SOLIX F3000 Portable Power Station (UL9540 Certificated)","Portable power","thin or truncated source","thin source"
"catalog-710","anker-solix-anker-solix-f3000-portable-power-station-ul9540-certificated-710","Anker SOLIX F3000 Portable Power Station (UL9540 Certificated)","Portable power","thin or truncated source","Manufacturer text is truncated"
"catalog-710","anker-solix-anker-solix-f3000-portable-power-station-ul9540-certificated-710","Anker SOLIX F3000 Portable Power Station (UL9540 Certificated)","Portable power","other","No capacity or output ratings provided"
"catalog-634","anker-solix-anker-solix-f3000-ul9540-certificated-120v-generator-input-adaptor-ev-charger-adapter-634","Anker SOLIX F3000(UL9540 Certificated) + 120V Generator Input Adaptor + EV Charger Adapter","EV chargers","thin or truncated source","thin source"
"catalog-634","anker-solix-anker-solix-f3000-ul9540-certificated-120v-generator-input-adaptor-ev-charger-adapter-634","Anker SOLIX F3000(UL9540 Certificated) + 120V Generator Input Adaptor + EV Charger Adapter","EV chargers","thin or truncated source","Manufacturer text is truncated"
"catalog-634","anker-solix-anker-solix-f3000-ul9540-certificated-120v-generator-input-adaptor-ev-charger-adapter-634","Anker SOLIX F3000(UL9540 Certificated) + 120V Generator Input Adaptor + EV Charger Adapter","EV chargers","other","ratedOutputW 600 is unconfirmed and not supported by manufacturer text; not used"
"catalog-634","anker-solix-anker-solix-f3000-ul9540-certificated-120v-generator-input-adaptor-ev-charger-adapter-634","Anker SOLIX F3000(UL9540 Certificated) + 120V Generator Input Adaptor + EV Charger Adapter","EV chargers","category","Category 'EV chargers' may be wrong; this is a power station bundle"
"catalog-636","anker-solix-anker-solix-f3000-ul9540-certificated-4-440w-rigid-solar-panel-636","Anker SOLIX F3000(UL9540 Certificated) + 4× 440W Rigid Solar Panel","Solar panels","thin or truncated source","Manufacturer text is truncated (standby figure cut off)"
"catalog-636","anker-solix-anker-solix-f3000-ul9540-certificated-4-440w-rigid-solar-panel-636","Anker SOLIX F3000(UL9540 Certificated) + 4× 440W Rigid Solar Panel","Solar panels","category","Category 'Solar panels' may be wrong; primary item is a power station bundle"
"catalog-637","anker-solix-anker-solix-f3000-ul9540-certificated-6-circuit-manual-transfer-switch-637","Anker SOLIX F3000(UL9540 Certificated) + 6-Circuit Manual Transfer Switch","Home integration","thin or truncated source","thin source"
"catalog-637","anker-solix-anker-solix-f3000-ul9540-certificated-6-circuit-manual-transfer-switch-637","Anker SOLIX F3000(UL9540 Certificated) + 6-Circuit Manual Transfer Switch","Home integration","thin or truncated source","Manufacturer text is truncated"
"catalog-637","anker-solix-anker-solix-f3000-ul9540-certificated-6-circuit-manual-transfer-switch-637","Anker SOLIX F3000(UL9540 Certificated) + 6-Circuit Manual Transfer Switch","Home integration","other","ratedOutputW 600 is unconfirmed and not supported by manufacturer text; not used"
"catalog-638","anker-solix-anker-solix-f3000-ul9540-certificated-alternator-charger-638","Anker SOLIX F3000(UL9540 Certificated) + Alternator Charger","Portable power","thin or truncated source","thin source"
"catalog-638","anker-solix-anker-solix-f3000-ul9540-certificated-alternator-charger-638","Anker SOLIX F3000(UL9540 Certificated) + Alternator Charger","Portable power","thin or truncated source","Manufacturer text is truncated and describes only the alternator charger"
"catalog-638","anker-solix-anker-solix-f3000-ul9540-certificated-alternator-charger-638","Anker SOLIX F3000(UL9540 Certificated) + Alternator Charger","Portable power","other","capacityWh 2000 appears to come from the manufacturer's generic 2kWh example, not the F3000; not used"
"catalog-640","anker-solix-anker-solix-f3000-ul9540-certificated-expansion-battery-4-440w-rigid-solar-panel-640","Anker SOLIX F3000(UL9540 Certificated) + Expansion Battery + 4× 440W Rigid Solar Panel","Solar panels","thin or truncated source","Manufacturer text is truncated"
"catalog-640","anker-solix-anker-solix-f3000-ul9540-certificated-expansion-battery-4-440w-rigid-solar-panel-640","Anker SOLIX F3000(UL9540 Certificated) + Expansion Battery + 4× 440W Rigid Solar Panel","Solar panels","other","No capacity or output ratings provided"
"catalog-640","anker-solix-anker-solix-f3000-ul9540-certificated-expansion-battery-4-440w-rigid-solar-panel-640","Anker SOLIX F3000(UL9540 Certificated) + Expansion Battery + 4× 440W Rigid Solar Panel","Solar panels","category","Category 'Solar panels' may be wrong; primary item is a power station bundle"
"catalog-639","anker-solix-anker-solix-f3000-ul9540-certificated-expansion-battery-400w-solar-panel-639","Anker SOLIX F3000(UL9540 Certificated) + Expansion Battery + 400W Solar Panel","Solar panels","thin or truncated source","Manufacturer text is truncated"
"catalog-639","anker-solix-anker-solix-f3000-ul9540-certificated-expansion-battery-400w-solar-panel-639","Anker SOLIX F3000(UL9540 Certificated) + Expansion Battery + 400W Solar Panel","Solar panels","other","No capacity or output ratings provided"
"catalog-639","anker-solix-anker-solix-f3000-ul9540-certificated-expansion-battery-400w-solar-panel-639","Anker SOLIX F3000(UL9540 Certificated) + Expansion Battery + 400W Solar Panel","Solar panels","category","Category 'Solar panels' may be wrong; primary item is a power station bundle"
"catalog-641","anker-solix-anker-solix-f3000-ul9540-certificated-expansion-battery-6-circuit-manual-transfer-switch-641","Anker SOLIX F3000(UL9540 Certificated) + Expansion Battery + 6-Circuit Manual Transfer Switch","Batteries","thin or truncated source","thin source"
"catalog-641","anker-solix-anker-solix-f3000-ul9540-certificated-expansion-battery-6-circuit-manual-transfer-switch-641","Anker SOLIX F3000(UL9540 Certificated) + Expansion Battery + 6-Circuit Manual Transfer Switch","Batteries","thin or truncated source","Manufacturer text is truncated"
"catalog-641","anker-solix-anker-solix-f3000-ul9540-certificated-expansion-battery-6-circuit-manual-transfer-switch-641","Anker SOLIX F3000(UL9540 Certificated) + Expansion Battery + 6-Circuit Manual Transfer Switch","Batteries","other","No capacity or output ratings provided"
"catalog-642","anker-solix-anker-solix-f3000-ul9540-certificated-expansion-battery-power-saver-kit-6-circuit-manual-transfer-switch--642","Anker SOLIX F3000(UL9540 Certificated) + Expansion Battery + Power Saver Kit + 6-Circuit Manual Transfer Switch + 2× 440W Rigid Solar Panel","Solar panels","thin or truncated source","Manufacturer text is truncated"
"catalog-642","anker-solix-anker-solix-f3000-ul9540-certificated-expansion-battery-power-saver-kit-6-circuit-manual-transfer-switch--642","Anker SOLIX F3000(UL9540 Certificated) + Expansion Battery + Power Saver Kit + 6-Circuit Manual Transfer Switch + 2× 440W Rigid Solar Panel","Solar panels","other","No capacity or output ratings provided"
"catalog-642","anker-solix-anker-solix-f3000-ul9540-certificated-expansion-battery-power-saver-kit-6-circuit-manual-transfer-switch--642","Anker SOLIX F3000(UL9540 Certificated) + Expansion Battery + Power Saver Kit + 6-Circuit Manual Transfer Switch + 2× 440W Rigid Solar Panel","Solar panels","category","Category 'Solar panels' may be wrong; primary item is a power station bundle"
"catalog-644","anker-solix-anker-solix-f3000-ul9540-certificated-power-saver-kit-4-440w-rigid-solar-panel-644","Anker SOLIX F3000(UL9540 Certificated) + Power Saver Kit + 4× 440W Rigid Solar Panel","Solar panels","thin or truncated source","Manufacturer text is truncated"
"catalog-644","anker-solix-anker-solix-f3000-ul9540-certificated-power-saver-kit-4-440w-rigid-solar-panel-644","Anker SOLIX F3000(UL9540 Certificated) + Power Saver Kit + 4× 440W Rigid Solar Panel","Solar panels","other","No capacity or output ratings provided"
"catalog-644","anker-solix-anker-solix-f3000-ul9540-certificated-power-saver-kit-4-440w-rigid-solar-panel-644","Anker SOLIX F3000(UL9540 Certificated) + Power Saver Kit + 4× 440W Rigid Solar Panel","Solar panels","category","Category 'Solar panels' may be wrong; primary item is a power station bundle"
"catalog-645","anker-solix-anker-solix-f3000-ul9540-certificated-power-saver-kit-transfer-switch-645","Anker SOLIX F3000(UL9540 Certificated) + Power Saver Kit + Transfer Switch","Home integration","thin or truncated source","Manufacturer text is truncated (standby figure cut off)"
"catalog-645","anker-solix-anker-solix-f3000-ul9540-certificated-power-saver-kit-transfer-switch-645","Anker SOLIX F3000(UL9540 Certificated) + Power Saver Kit + Transfer Switch","Home integration","other","ratedOutputW 600 is unconfirmed and not supported by manufacturer text; not used"
"catalog-646","anker-solix-anker-solix-f3000-ul9540-certificated-water-resistant-bag-646","Anker SOLIX F3000(UL9540 Certificated) + Water-Resistant Bag","Portable power","thin or truncated source","thin source"
"catalog-646","anker-solix-anker-solix-f3000-ul9540-certificated-water-resistant-bag-646","Anker SOLIX F3000(UL9540 Certificated) + Water-Resistant Bag","Portable power","thin or truncated source","Manufacturer text is truncated"
"catalog-646","anker-solix-anker-solix-f3000-ul9540-certificated-water-resistant-bag-646","Anker SOLIX F3000(UL9540 Certificated) + Water-Resistant Bag","Portable power","other","No capacity or output ratings provided"
"catalog-647","anker-solix-anker-solix-f3000-ul9540-certificated-with-400w-bifacial-solar-panel-647","Anker SOLIX F3000(UL9540 Certificated) with 400W Bifacial Solar Panel","Solar panels","thin or truncated source","thin source"
"catalog-647","anker-solix-anker-solix-f3000-ul9540-certificated-with-400w-bifacial-solar-panel-647","Anker SOLIX F3000(UL9540 Certificated) with 400W Bifacial Solar Panel","Solar panels","thin or truncated source","Manufacturer text is truncated"
"catalog-647","anker-solix-anker-solix-f3000-ul9540-certificated-with-400w-bifacial-solar-panel-647","Anker SOLIX F3000(UL9540 Certificated) with 400W Bifacial Solar Panel","Solar panels","category","Category 'Solar panels' may be wrong; primary item is a power station bundle"
"catalog-668","anker-solix-anker-solix-f3800-2-expansion-battery-668","Anker SOLIX F3800 + 2× Expansion Battery","Batteries","rating or data conflict","Manufacturer text is truncated (maximum expansion figure cut off)"
"catalog-668","anker-solix-anker-solix-f3800-2-expansion-battery-668","Anker SOLIX F3800 + 2× Expansion Battery","Batteries","other","capacityWh 3840 is the base unit, not the bundle total; bundle capacity not stated"
"catalog-684","anker-solix-anker-solix-f3800-expansion-battery-7680wh-6000w-684","Anker SOLIX F3800 + Expansion Battery - 7680Wh | 6000W","Batteries","rating or data conflict","Manufacturer text is truncated (maximum expansion figure cut off)"
"catalog-753","anker-solix-anker-solix-f3800-expansion-battery-refurbished-753","Anker SOLIX F3800 + Expansion Battery (Refurbished)","Batteries","thin or truncated source","Manufacturer text is truncated"
"catalog-753","anker-solix-anker-solix-f3800-expansion-battery-refurbished-753","Anker SOLIX F3800 + Expansion Battery (Refurbished)","Batteries","other","capacityWh 3840 is the base unit, not the bundle total; bundle capacity not stated"
"catalog-677","anker-solix-anker-solix-f3800-expansion-battery-10-circuit-manual-transfer-switch-677","Anker SOLIX F3800 + Expansion Battery + 10-Circuit Manual Transfer Switch","Batteries","thin or truncated source","Manufacturer text is truncated"
"catalog-677","anker-solix-anker-solix-f3800-expansion-battery-10-circuit-manual-transfer-switch-677","Anker SOLIX F3800 + Expansion Battery + 10-Circuit Manual Transfer Switch","Batteries","other","capacityWh 3840 is the base unit, not the bundle total"
"catalog-677","anker-solix-anker-solix-f3800-expansion-battery-10-circuit-manual-transfer-switch-677","Anker SOLIX F3800 + Expansion Battery + 10-Circuit Manual Transfer Switch","Batteries","category","Category 'Batteries' may be wrong; this is a home backup bundle"
"catalog-662","anker-solix-anker-solix-f3800-expansion-battery-400w-solar-panel-662","Anker SOLIX F3800 + Expansion Battery + 400W Solar Panel","Solar panels","thin or truncated source","Manufacturer text is truncated"
"catalog-662","anker-solix-anker-solix-f3800-expansion-battery-400w-solar-panel-662","Anker SOLIX F3800 + Expansion Battery + 400W Solar Panel","Solar panels","other","Manufacturer notes home backup accessories are sold separately"
"catalog-662","anker-solix-anker-solix-f3800-expansion-battery-400w-solar-panel-662","Anker SOLIX F3800 + Expansion Battery + 400W Solar Panel","Solar panels","category","Category 'Solar panels' may be wrong; primary item is a power station bundle"
"catalog-673","anker-solix-anker-solix-f3800-smart-home-power-kit-673","Anker SOLIX F3800 + Smart Home Power Kit","Home integration","thin or truncated source","Manufacturer text is truncated"
"catalog-673","anker-solix-anker-solix-f3800-smart-home-power-kit-673","Anker SOLIX F3800 + Smart Home Power Kit","Home integration","rating or data conflict","ratedOutputW 400 conflicts with 6kW in manufacturer text; not used"
"catalog-673","anker-solix-anker-solix-f3800-smart-home-power-kit-673","Anker SOLIX F3800 + Smart Home Power Kit","Home integration","other","Contents of the Smart Home Power Kit are not described"
"catalog-648","anker-solix-anker-solix-f3800-plus-2-400w-portable-solar-panel-648","Anker SOLIX F3800 Plus + 2× 400W Portable Solar Panel","Solar panels","thin or truncated source","Manufacturer text is truncated (bypass figure cut off)"
"catalog-648","anker-solix-anker-solix-f3800-plus-2-400w-portable-solar-panel-648","Anker SOLIX F3800 Plus + 2× 400W Portable Solar Panel","Solar panels","category","Category 'Solar panels' may be wrong; primary item is a power station bundle"
"catalog-650","anker-solix-anker-solix-f3800-plus-6-440w-rigid-solar-panel-650","Anker SOLIX F3800 Plus + 6× 440W Rigid Solar Panel","Solar panels","thin or truncated source","Manufacturer text is truncated"
"catalog-650","anker-solix-anker-solix-f3800-plus-6-440w-rigid-solar-panel-650","Anker SOLIX F3800 Plus + 6× 440W Rigid Solar Panel","Solar panels","category","Category 'Solar panels' may be wrong; primary item is a power station bundle"
"catalog-693","anker-solix-anker-solix-f3800-plus-expansion-battery-693","Anker SOLIX F3800 Plus + Expansion Battery","Batteries","thin or truncated source","Manufacturer text is truncated (bypass charging details cut off)"
"catalog-693","anker-solix-anker-solix-f3800-plus-expansion-battery-693","Anker SOLIX F3800 Plus + Expansion Battery","Batteries","other","No capacity or output ratings provided"
"catalog-754","anker-solix-anker-solix-f3800-plus-expansion-battery-refurbished-754","Anker SOLIX F3800 Plus + Expansion Battery (Refurbished)","Batteries","thin or truncated source","Manufacturer text is truncated"
"catalog-754","anker-solix-anker-solix-f3800-plus-expansion-battery-refurbished-754","Anker SOLIX F3800 Plus + Expansion Battery (Refurbished)","Batteries","other","No capacity or output ratings provided"
"catalog-653","anker-solix-anker-solix-f3800-plus-expansion-battery-400w-solar-panel-653","Anker SOLIX F3800 Plus + Expansion Battery + 400W Solar Panel","Solar panels","thin or truncated source","Manufacturer text is truncated"
"catalog-653","anker-solix-anker-solix-f3800-plus-expansion-battery-400w-solar-panel-653","Anker SOLIX F3800 Plus + Expansion Battery + 400W Solar Panel","Solar panels","category","Category 'Solar panels' may be wrong; primary item is a power station bundle"
"catalog-695","anker-solix-anker-solix-f3800-plus-expansion-battery-smart-home-power-kit-695","Anker SOLIX F3800 Plus + Expansion Battery + Smart Home Power Kit","Batteries","thin or truncated source","Manufacturer text is truncated"
"catalog-695","anker-solix-anker-solix-f3800-plus-expansion-battery-smart-home-power-kit-695","Anker SOLIX F3800 Plus + Expansion Battery + Smart Home Power Kit","Batteries","other","Contents of the Smart Home Power Kit are not described"
"catalog-695","anker-solix-anker-solix-f3800-plus-expansion-battery-smart-home-power-kit-695","Anker SOLIX F3800 Plus + Expansion Battery + Smart Home Power Kit","Batteries","category","Category 'Batteries' may be wrong; this is a home backup bundle"
"catalog-654","anker-solix-anker-solix-f3800-plus-generator-input-adapter-654","Anker SOLIX F3800 Plus + Generator Input Adapter","Accessories","thin or truncated source","Manufacturer text is truncated"
"catalog-654","anker-solix-anker-solix-f3800-plus-generator-input-adapter-654","Anker SOLIX F3800 Plus + Generator Input Adapter","Accessories","other","ratedOutputW 200 is unconfirmed and not supported by manufacturer text; not used"
"catalog-654","anker-solix-anker-solix-f3800-plus-generator-input-adapter-654","Anker SOLIX F3800 Plus + Generator Input Adapter","Accessories","category","Category 'Accessories' may be wrong; bundle includes a power station"
"catalog-692","anker-solix-anker-solix-f3800-plus-smart-home-power-kit-692","Anker SOLIX F3800 Plus + Smart Home Power Kit","Home integration","thin or truncated source","Manufacturer text is truncated"
"catalog-692","anker-solix-anker-solix-f3800-plus-smart-home-power-kit-692","Anker SOLIX F3800 Plus + Smart Home Power Kit","Home integration","other","ratedOutputW 200 is unconfirmed and not supported by manufacturer text; not used"
"catalog-692","anker-solix-anker-solix-f3800-plus-smart-home-power-kit-692","Anker SOLIX F3800 Plus + Smart Home Power Kit","Home integration","other","Contents of the Smart Home Power Kit are not described"
"catalog-10","anker-solix-anker-solix-f3800-plus-240v-generator-input-adapter-10","Anker SOLIX F3800 Plus 240V Generator Input Adapter","Solar panels","other","Name says 'Generator Input Adapter' while manufacturer text describes a 240V Bypass Charging Cable; confirm product identity"
"catalog-10","anker-solix-anker-solix-f3800-plus-240v-generator-input-adapter-10","Anker SOLIX F3800 Plus 240V Generator Input Adapter","Solar panels","category","Category 'Solar panels' looks wrong; this is an accessory"
"catalog-10","anker-solix-anker-solix-f3800-plus-240v-generator-input-adapter-10","Anker SOLIX F3800 Plus 240V Generator Input Adapter","Solar panels","other","Manufacturer text includes a service claim (lifetime support) that was not used"
"catalog-697","anker-solix-anker-solix-f3800-plus-portable-power-station-697","Anker SOLIX F3800 Plus Portable Power Station","Portable power","thin or truncated source","Manufacturer text is truncated"
"catalog-697","anker-solix-anker-solix-f3800-plus-portable-power-station-697","Anker SOLIX F3800 Plus Portable Power Station","Portable power","other","No capacity or output ratings provided"
"catalog-746","anker-solix-anker-solix-f3800-plus-portable-power-station-refurbished-746","Anker SOLIX F3800 Plus Portable Power Station (Refurbished)","Portable power","thin or truncated source","Manufacturer text is truncated"
"catalog-746","anker-solix-anker-solix-f3800-plus-portable-power-station-refurbished-746","Anker SOLIX F3800 Plus Portable Power Station (Refurbished)","Portable power","other","No capacity or output ratings provided"
"catalog-656","anker-solix-anker-solix-f3800-plus-with-400w-bifacial-solar-panel-656","Anker SOLIX F3800 Plus with 400W Bifacial Solar Panel","Solar panels","thin or truncated source","Manufacturer text is truncated"
"catalog-656","anker-solix-anker-solix-f3800-plus-with-400w-bifacial-solar-panel-656","Anker SOLIX F3800 Plus with 400W Bifacial Solar Panel","Solar panels","category","Category 'Solar panels' may be wrong; primary item is a power station bundle"
"catalog-11","anker-solix-anker-solix-f3800-portable-power-station-3840wh-6000w-a1790111-11","Anker SOLIX F3800 Portable Power Station 3840Wh | 6000W | A1790111","Portable power","other","Manufacturer notes home backup accessories are sold separately"
"catalog-11","anker-solix-anker-solix-f3800-portable-power-station-3840wh-6000w-a1790111-11","Anker SOLIX F3800 Portable Power Station 3840Wh | 6000W | A1790111","Portable power","other","Manufacturer text includes warranty claims that were not used"
"catalog-666","anker-solix-anker-solix-f3800-solar-generator-2-400w-solar-panel-666","Anker SOLIX F3800 Solar Generator + 2× 400W Solar Panel","Solar panels","thin or truncated source","Manufacturer text is truncated"
"catalog-666","anker-solix-anker-solix-f3800-solar-generator-2-400w-solar-panel-666","Anker SOLIX F3800 Solar Generator + 2× 400W Solar Panel","Solar panels","other","Manufacturer notes home backup accessories are sold separately"
"catalog-666","anker-solix-anker-solix-f3800-solar-generator-2-400w-solar-panel-666","Anker SOLIX F3800 Solar Generator + 2× 400W Solar Panel","Solar panels","category","Category 'Solar panels' may be wrong; primary item is a power station bundle"
"catalog-737","anker-solix-anker-solix-f3800-with-400w-bifacial-solar-panel-737","Anker SOLIX F3800 with 400W Bifacial Solar Panel","Solar panels","thin or truncated source","thin source: manufacturerText is truncated mid-sentence"
"catalog-737","anker-solix-anker-solix-f3800-with-400w-bifacial-solar-panel-737","Anker SOLIX F3800 with 400W Bifacial Solar Panel","Solar panels","category","category 'Solar panels' likely wrong; this is a power station bundle"
"catalog-737","anker-solix-anker-solix-f3800-with-400w-bifacial-solar-panel-737","Anker SOLIX F3800 with 400W Bifacial Solar Panel","Solar panels","other","included items not listed in manufacturerText; bundle contents taken from name only"
"catalog-679","anker-solix-anker-solix-f3800-expansion-battery-smart-home-power-kit-679","Anker SOLIX F3800+ Expansion Battery + Smart Home Power Kit","Batteries","rating or data conflict","thin source: manufacturerText truncated at 'expandable to 53.'"
"catalog-679","anker-solix-anker-solix-f3800-expansion-battery-smart-home-power-kit-679","Anker SOLIX F3800+ Expansion Battery + Smart Home Power Kit","Batteries","other","capacityWh not confirmed by name; listing combines an expansion battery and a power station platform, so total capacity is unclear"
"catalog-679","anker-solix-anker-solix-f3800-expansion-battery-smart-home-power-kit-679","Anker SOLIX F3800+ Expansion Battery + Smart Home Power Kit","Batteries","other","included items not listed in manufacturerText"
"catalog-733","anker-solix-anker-solix-ps100-bifacial-portable-solar-panel-733","Anker SOLIX PS100 Bifacial Portable Solar Panel","Solar panels","thin or truncated source","thin source: manufacturerText is truncated and gives no electrical specs"
"catalog-733","anker-solix-anker-solix-ps100-bifacial-portable-solar-panel-733","Anker SOLIX PS100 Bifacial Portable Solar Panel","Solar panels","other","panel wattage not stated in manufacturerText"
"catalog-734","anker-solix-anker-solix-ps200-bifacial-portable-solar-panel-734","Anker SOLIX PS200 Bifacial Portable Solar Panel","Solar panels","thin or truncated source","thin source: manufacturerText is truncated and gives no electrical specs"
"catalog-734","anker-solix-anker-solix-ps200-bifacial-portable-solar-panel-734","Anker SOLIX PS200 Bifacial Portable Solar Panel","Solar panels","other","panel wattage not stated in manufacturerText"
"catalog-715","anker-solix-anker-solix-ps200-portable-solar-panel-200w-refurbished-715","Anker SOLIX PS200 Portable Solar Panel (200W) (Refurbished)","Solar panels","thin or truncated source","thin source: manufacturerText truncated after 'switch between 30'"
"catalog-735","anker-solix-anker-solix-ps400-bifacial-portable-solar-panel-735","Anker SOLIX PS400 Bifacial Portable Solar Panel","Solar panels","thin or truncated source","thin source: manufacturerText is truncated and gives no electrical specs"
"catalog-735","anker-solix-anker-solix-ps400-bifacial-portable-solar-panel-735","Anker SOLIX PS400 Bifacial Portable Solar Panel","Solar panels","other","panel wattage not stated in manufacturerText"
"catalog-687","anker-solix-anker-solix-ps400-portable-solar-panel-400w-687","Anker SOLIX PS400 Portable Solar Panel (400W)","Solar panels","thin or truncated source","thin source: manufacturerText truncated"
"catalog-714","anker-solix-anker-solix-ps400-portable-solar-panel-refurbished-714","Anker SOLIX PS400 Portable Solar Panel (Refurbished)","Solar panels","thin or truncated source","thin source: manufacturerText truncated"
"catalog-738","anker-solix-anker-solix-s2000-portable-power-station-738","Anker SOLIX S2000 Portable Power Station","Portable power","thin or truncated source","manufacturerText truncated after 'Peak Ou'"
"catalog-738","anker-solix-anker-solix-s2000-portable-power-station-738","Anker SOLIX S2000 Portable Power Station","Portable power","other","capacityWh not confirmed by name; prose uses manufacturerText figures only"
"catalog-720","anker-solix-anker-solix-smart-generator-5500-tri-fuel-720","Anker SOLIX Smart Generator 5500 (Tri-Fuel)","Portable power","thin or truncated source","thin source: manufacturerText is a single line and does not name the three fuels"
"catalog-681","anker-solix-anker-solix-smart-home-power-kit-smart-home-panel-subpanel-circuit-breaker-ground-bar-681","Anker SOLIX Smart Home Power Kit (Smart Home Panel + Subpanel + Circuit Breaker + Ground Bar)","Solar panels","thin or truncated source","thin source: manufacturerText truncated"
"catalog-681","anker-solix-anker-solix-smart-home-power-kit-smart-home-panel-subpanel-circuit-breaker-ground-bar-681","Anker SOLIX Smart Home Power Kit (Smart Home Panel + Subpanel + Circuit Breaker + Ground Bar)","Solar panels","category","category 'Solar panels' likely wrong; this is home integration hardware"
"catalog-681","anker-solix-anker-solix-smart-home-power-kit-smart-home-panel-subpanel-circuit-breaker-ground-bar-681","Anker SOLIX Smart Home Power Kit (Smart Home Panel + Subpanel + Circuit Breaker + Ground Bar)","Solar panels","other","kit contents taken from name only; manufacturerText does not list included items"
"catalog-742","anker-solix-e10-power-module-2-battery-smart-generator-5500-742","E10 (Power Module + 2× Battery) + Smart Generator 5500","Solar panels","rating or data conflict","capacityWh 90000 conflicts with a two-battery configuration; capacity figures omitted"
"catalog-742","anker-solix-e10-power-module-2-battery-smart-generator-5500-742","E10 (Power Module + 2× Battery) + Smart Generator 5500","Solar panels","rating or data conflict","manufacturerText describes Prime and Ultra tiers with differing figures (6 to 90kWh vs starts at 30kWh); not used"
"catalog-742","anker-solix-e10-power-module-2-battery-smart-generator-5500-742","E10 (Power Module + 2× Battery) + Smart Generator 5500","Solar panels","category","category 'Solar panels' likely wrong; this is a battery and generator bundle"
"catalog-742","anker-solix-e10-power-module-2-battery-smart-generator-5500-742","E10 (Power Module + 2× Battery) + Smart Generator 5500","Solar panels","thin or truncated source","manufacturerText truncated"
"catalog-739","anker-solix-e10-power-module-3x-battery-739","E10 (Power Module + 3x Battery)","Solar panels","rating or data conflict","capacityWh 60000 is identical across 3, 4, and 5 battery listings; conflicts with battery count, capacity figures omitted"
"catalog-739","anker-solix-e10-power-module-3x-battery-739","E10 (Power Module + 3x Battery)","Solar panels","other","manufacturerText refers to Essential and Complete tiers, not battery counts"
"catalog-739","anker-solix-e10-power-module-3x-battery-739","E10 (Power Module + 3x Battery)","Solar panels","category","category 'Solar panels' likely wrong; this is battery storage"
"catalog-739","anker-solix-e10-power-module-3x-battery-739","E10 (Power Module + 3x Battery)","Solar panels","thin or truncated source","thin source: manufacturerText truncated"
"catalog-740","anker-solix-e10-power-module-4x-battery-740","E10 (Power Module + 4x Battery)","Solar panels","rating or data conflict","capacityWh 60000 is identical across 3, 4, and 5 battery listings; conflicts with battery count, capacity figures omitted"
"catalog-740","anker-solix-e10-power-module-4x-battery-740","E10 (Power Module + 4x Battery)","Solar panels","other","manufacturerText refers to Essential and Complete tiers, not battery counts"
"catalog-740","anker-solix-e10-power-module-4x-battery-740","E10 (Power Module + 4x Battery)","Solar panels","category","category 'Solar panels' likely wrong; this is battery storage"
"catalog-740","anker-solix-e10-power-module-4x-battery-740","E10 (Power Module + 4x Battery)","Solar panels","thin or truncated source","thin source: manufacturerText truncated"
"catalog-741","anker-solix-e10-power-module-5x-battery-741","E10 (Power Module + 5x Battery)","Solar panels","rating or data conflict","capacityWh 60000 is identical across 3, 4, and 5 battery listings; conflicts with battery count, capacity figures omitted"
"catalog-741","anker-solix-e10-power-module-5x-battery-741","E10 (Power Module + 5x Battery)","Solar panels","other","manufacturerText refers to Essential and Complete tiers, not battery counts"
"catalog-741","anker-solix-e10-power-module-5x-battery-741","E10 (Power Module + 5x Battery)","Solar panels","category","category 'Solar panels' likely wrong; this is battery storage"
"catalog-741","anker-solix-e10-power-module-5x-battery-741","E10 (Power Module + 5x Battery)","Solar panels","thin or truncated source","thin source: manufacturerText truncated"
"catalog-658","anker-solix-e10-power-module-battery-transfer-switch-658","E10 (Power Module + Battery) + Transfer Switch","Solar panels","category","category 'Solar panels' likely wrong; this is battery storage with a transfer switch"
"catalog-658","anker-solix-e10-power-module-battery-transfer-switch-658","E10 (Power Module + Battery) + Transfer Switch","Solar panels","other","transfer switch appears in name only; manufacturerText does not confirm it is included"
"catalog-660","anker-solix-e10-off-grid-kit-660","E10 Off-Grid Kit","Batteries","thin or truncated source","thin source: manufacturerText truncated and does not list kit contents"
"catalog-660","anker-solix-e10-off-grid-kit-660","E10 Off-Grid Kit","Batteries","other","manufacturerText gives a 30 to 60kWh tier range; capacityWh 60000 unconfirmed, figures omitted"
"catalog-727","anker-solix-e10-prime-off-grid-kit-10-440w-rigid-solar-panel-727","E10 Prime Off-Grid Kit + 10× 440W Rigid Solar Panel","Solar panels","rating or data conflict","manufacturerText describes Essential and Complete tiers, not Prime; capacityWh 60000 conflicts with Prime starting figure elsewhere, figures omitted"
"catalog-727","anker-solix-e10-prime-off-grid-kit-10-440w-rigid-solar-panel-727","E10 Prime Off-Grid Kit + 10× 440W Rigid Solar Panel","Solar panels","category","category 'Solar panels' partly fits; this is a battery and panel kit"
"catalog-727","anker-solix-e10-prime-off-grid-kit-10-440w-rigid-solar-panel-727","E10 Prime Off-Grid Kit + 10× 440W Rigid Solar Panel","Solar panels","thin or truncated source","thin source: manufacturerText truncated"
"catalog-729","anker-solix-e10-prime-off-grid-kit-20-440w-rigid-solar-panel-729","E10 Prime Off-Grid Kit + 20× 440W Rigid Solar Panel","Solar panels","rating or data conflict","manufacturerText describes Essential and Complete tiers, not Prime; capacityWh 60000 conflicts with Prime starting figure elsewhere, figures omitted"
"catalog-729","anker-solix-e10-prime-off-grid-kit-20-440w-rigid-solar-panel-729","E10 Prime Off-Grid Kit + 20× 440W Rigid Solar Panel","Solar panels","category","category 'Solar panels' partly fits; this is a battery and panel kit"
"catalog-729","anker-solix-e10-prime-off-grid-kit-20-440w-rigid-solar-panel-729","E10 Prime Off-Grid Kit + 20× 440W Rigid Solar Panel","Solar panels","thin or truncated source","thin source: manufacturerText truncated"
"catalog-732","anker-solix-e10-prime-off-grid-kit-smart-generator-5500-20-440w-rigid-solar-panel-732","E10 Prime Off-Grid Kit + Smart Generator 5500 + 20× 440W Rigid Solar Panel","Solar panels","rating or data conflict","capacityWh 90000 conflicts with manufacturerText stating Prime starts at 30kWh; figures omitted"
"catalog-732","anker-solix-e10-prime-off-grid-kit-smart-generator-5500-20-440w-rigid-solar-panel-732","E10 Prime Off-Grid Kit + Smart Generator 5500 + 20× 440W Rigid Solar Panel","Solar panels","rating or data conflict","manufacturerText gives a 6 to 90kWh range that conflicts with its own starting figure"
"catalog-732","anker-solix-e10-prime-off-grid-kit-smart-generator-5500-20-440w-rigid-solar-panel-732","E10 Prime Off-Grid Kit + Smart Generator 5500 + 20× 440W Rigid Solar Panel","Solar panels","category","category 'Solar panels' partly fits; this is a full off-grid kit"
"catalog-732","anker-solix-e10-prime-off-grid-kit-smart-generator-5500-20-440w-rigid-solar-panel-732","E10 Prime Off-Grid Kit + Smart Generator 5500 + 20× 440W Rigid Solar Panel","Solar panels","thin or truncated source","thin source: manufacturerText truncated"
"catalog-726","anker-solix-e10-ultra-off-grid-kit-10-440w-rigid-solar-panel-726","E10 Ultra Off-Grid Kit + 10× 440W Rigid Solar Panel","Solar panels","other","manufacturerText describes Essential and Complete tiers, not Ultra; capacity figures omitted"
"catalog-726","anker-solix-e10-ultra-off-grid-kit-10-440w-rigid-solar-panel-726","E10 Ultra Off-Grid Kit + 10× 440W Rigid Solar Panel","Solar panels","category","category 'Solar panels' partly fits; this is a battery and panel kit"
"catalog-726","anker-solix-e10-ultra-off-grid-kit-10-440w-rigid-solar-panel-726","E10 Ultra Off-Grid Kit + 10× 440W Rigid Solar Panel","Solar panels","thin or truncated source","thin source: manufacturerText truncated"
"catalog-728","anker-solix-e10-ultra-off-grid-kit-20-440w-rigid-solar-panel-728","E10 Ultra Off-Grid Kit + 20× 440W Rigid Solar Panel","Solar panels","other","manufacturerText describes Essential and Complete tiers, not Ultra; capacity figures omitted"
"catalog-728","anker-solix-e10-ultra-off-grid-kit-20-440w-rigid-solar-panel-728","E10 Ultra Off-Grid Kit + 20× 440W Rigid Solar Panel","Solar panels","category","category 'Solar panels' partly fits; this is a battery and panel kit"
"catalog-728","anker-solix-e10-ultra-off-grid-kit-20-440w-rigid-solar-panel-728","E10 Ultra Off-Grid Kit + 20× 440W Rigid Solar Panel","Solar panels","thin or truncated source","thin source: manufacturerText truncated"
"catalog-730","anker-solix-e10-ultra-off-grid-kit-30-440w-rigid-solar-panel-730","E10 Ultra Off-Grid Kit + 30× 440W Rigid Solar Panel","Solar panels","other","manufacturerText describes Essential and Complete tiers, not Ultra; capacity figures omitted"
"catalog-730","anker-solix-e10-ultra-off-grid-kit-30-440w-rigid-solar-panel-730","E10 Ultra Off-Grid Kit + 30× 440W Rigid Solar Panel","Solar panels","category","category 'Solar panels' partly fits; this is a battery and panel kit"
"catalog-730","anker-solix-e10-ultra-off-grid-kit-30-440w-rigid-solar-panel-730","E10 Ultra Off-Grid Kit + 30× 440W Rigid Solar Panel","Solar panels","thin or truncated source","thin source: manufacturerText truncated"
"catalog-731","anker-solix-e10-ultra-off-grid-kit-40-440w-rigid-solar-panel-731","E10 Ultra Off-Grid Kit + 40× 440W Rigid Solar Panel","Solar panels","other","manufacturerText describes Essential and Complete tiers, not Ultra; capacity figures omitted"
"catalog-731","anker-solix-e10-ultra-off-grid-kit-40-440w-rigid-solar-panel-731","E10 Ultra Off-Grid Kit + 40× 440W Rigid Solar Panel","Solar panels","category","category 'Solar panels' partly fits; this is a battery and panel kit"
"catalog-731","anker-solix-e10-ultra-off-grid-kit-40-440w-rigid-solar-panel-731","E10 Ultra Off-Grid Kit + 40× 440W Rigid Solar Panel","Solar panels","thin or truncated source","thin source: manufacturerText truncated"
"catalog-725","anker-solix-soundcore-rave-3s-ai-karaoke-party-speaker-with-200w-sound-725","soundcore Rave 3S | AI Karaoke Party Speaker with 200W Sound","Portable power","category","likely miscategorised: a speaker listed under 'Portable power'"
"catalog-725","anker-solix-soundcore-rave-3s-ai-karaoke-party-speaker-with-200w-sound-725","soundcore Rave 3S | AI Karaoke Party Speaker with 200W Sound","Portable power","other","brand listed as Anker SOLIX but product is soundcore"
"catalog-725","anker-solix-soundcore-rave-3s-ai-karaoke-party-speaker-with-200w-sound-725","soundcore Rave 3S | AI Karaoke Party Speaker with 200W Sound","Portable power","other","manufacturerText contains promotional bulk-buy text; ignored"
"catalog-725","anker-solix-soundcore-rave-3s-ai-karaoke-party-speaker-with-200w-sound-725","soundcore Rave 3S | AI Karaoke Party Speaker with 200W Sound","Portable power","thin or truncated source","thin source"
"catalog-671","anker-solix-starter-home-backup-kit-120v-240v-30-amp-6-circuit-transfer-switch-cable-for-f3800-671","Starter Home Backup Kit (120V/240V, 30 Amp, 6-Circuit Transfer Switch + Cable, For F3800)","Home integration","other","name says 120V/240V while manufacturerText says 125/250V"
"catalog-671","anker-solix-starter-home-backup-kit-120v-240v-30-amp-6-circuit-transfer-switch-cable-for-f3800-671","Starter Home Backup Kit (120V/240V, 30 Amp, 6-Circuit Transfer Switch + Cable, For F3800)","Home integration","other","cable appears in name only; manufacturerText does not confirm it is included"
"catalog-671","anker-solix-starter-home-backup-kit-120v-240v-30-amp-6-circuit-transfer-switch-cable-for-f3800-671","Starter Home Backup Kit (120V/240V, 30 Amp, 6-Circuit Transfer Switch + Cable, For F3800)","Home integration","thin or truncated source","thin source: manufacturerText truncated"
"catalog-259","aptos-solar-aptos-ac-bus-cable-2-2m-4-2m-12g-awg-cable-for-aptos-mac-400-and-mac-800-microinverters-259","Aptos AC Bus Cable 2.2m-4.2m 12G AWG Cable for Aptos MAC-400 and MAC-800 Microinverters","Home integration","other","manufacturerText says unlock tools and end cap must be purchased separately"
"catalog-259","aptos-solar-aptos-ac-bus-cable-2-2m-4-2m-12g-awg-cable-for-aptos-mac-400-and-mac-800-microinverters-259","Aptos AC Bus Cable 2.2m-4.2m 12G AWG Cable for Aptos MAC-400 and MAC-800 Microinverters","Home integration","other","listing name covers both 2.2m and 4.2m; how configuration is selected is unclear"
"catalog-261","aptos-solar-aptos-dtu-pro-wifi-data-transfer-unit-4g-lte-wifi-and-ethernet-monitoring-for-aptos-mac-microinverters-up-261","Aptos DTU-Pro WiFi Data Transfer Unit, 4G LTE, WiFi, and Ethernet Monitoring for Aptos MAC Microinverters up to 99 Panels","Home integration","thin or truncated source","thin source: manufacturerText is short; connectivity and panel count taken from name"
"catalog-261","aptos-solar-aptos-dtu-pro-wifi-data-transfer-unit-4g-lte-wifi-and-ethernet-monitoring-for-aptos-mac-microinverters-up-261","Aptos DTU-Pro WiFi Data Transfer Unit, 4G LTE, WiFi, and Ethernet Monitoring for Aptos MAC Microinverters up to 99 Panels","Home integration","other","manufacturerText misspells brand as 'Apotos'"
"catalog-262","aptos-solar-aptos-mac-800-microinverter-ul-1741-dual-solar-panel-microinverter-module-up-to-800w-ip67-nema6-262","Aptos MAC-800 Microinverter, UL 1741 Dual Solar Panel Microinverter Module up to 800W, IP67 NEMA6","Solar panels","category","category 'Solar panels' likely wrong; this is a microinverter"
"catalog-262","aptos-solar-aptos-mac-800-microinverter-ul-1741-dual-solar-panel-microinverter-module-up-to-800w-ip67-nema6-262","Aptos MAC-800 Microinverter, UL 1741 Dual Solar Panel Microinverter Module up to 800W, IP67 NEMA6","Solar panels","other","AC bus cable, unlock tools, and end caps are required but not stated as included"
"catalog-19","aptos-solar-aptos-pallet-of-440w-monofacial-solar-panels-31-panels-19","Aptos Pallet of 440W Monofacial Solar Panels | 31 Panels","Solar panels","rating or data conflict","listed dimensions 68.97 X 44.48 X 49.76 in look wrong for a single panel; dimensions omitted"
"catalog-20","signature-solar-bigbattery-24v-30a-battery-charger-20","BigBattery | 24V 30A Battery Charger","Batteries","category","category 'Batteries' may be better as a charger or accessory category"
"catalog-21","signature-solar-bigbattery-24v-eagle-2-lifepo4-lithium-battery-1-63kwh-for-boats-motorcycles-21","BigBattery | 24V EAGLE 2 | LiFePO4 Lithium Battery 1.63kWh | For Boats & Motorcycles","Solar panels","other","name says 'For Boats & Motorcycles' but manufacturerText lists golf carts, RVs, and vehicles"
"catalog-21","signature-solar-bigbattery-24v-eagle-2-lifepo4-lithium-battery-1-63kwh-for-boats-motorcycles-21","BigBattery | 24V EAGLE 2 | LiFePO4 Lithium Battery 1.63kWh | For Boats & Motorcycles","Solar panels","category","category 'Solar panels' likely wrong; this is a battery"
"catalog-22","signature-solar-bigbattery-24v-husky-2-lifepo4-lithium-battery-5-12kwh-for-rvs-camper-vans-commercial-vehicles-22","BigBattery | 24V HUSKY 2 | LiFePO4 Lithium Battery 5.12kWh | For RVs, Camper Vans & Commercial Vehicles","Solar panels","category","category 'Solar panels' likely wrong; this is a battery"
"catalog-22","signature-solar-bigbattery-24v-husky-2-lifepo4-lithium-battery-5-12kwh-for-rvs-camper-vans-commercial-vehicles-22","BigBattery | 24V HUSKY 2 | LiFePO4 Lithium Battery 5.12kWh | For RVs, Camper Vans & Commercial Vehicles","Solar panels","rating or data conflict","manufacturerText says expandable up to 40 kWh, which conflicts with up to 16 parallel connections"
"catalog-22","signature-solar-bigbattery-24v-husky-2-lifepo4-lithium-battery-5-12kwh-for-rvs-camper-vans-commercial-vehicles-22","BigBattery | 24V HUSKY 2 | LiFePO4 Lithium Battery 5.12kWh | For RVs, Camper Vans & Commercial Vehicles","Solar panels","other","'Designed For' list includes 48V UTVs on a 24V battery"
"catalog-22","signature-solar-bigbattery-24v-husky-2-lifepo4-lithium-battery-5-12kwh-for-rvs-camper-vans-commercial-vehicles-22","BigBattery | 24V HUSKY 2 | LiFePO4 Lithium Battery 5.12kWh | For RVs, Camper Vans & Commercial Vehicles","Solar panels","rating or data conflict","operating range -4°F to 131°F conflicts with listed charge and storage ranges"
"catalog-23","signature-solar-bigbattery-48v-110vac-220v-ac-20a-ip65-blue-charger-57-6v-dc-ring-terminals-23","BigBattery | 48V 110VAC/220V AC 20A IP65 Blue Charger (57.6V DC) Ring Terminals","Batteries","other","manufacturerText calls it PowerCharge 48X by BigEnergy while the brand is BigBattery"
"catalog-23","signature-solar-bigbattery-48v-110vac-220v-ac-20a-ip65-blue-charger-57-6v-dc-ring-terminals-23","BigBattery | 48V 110VAC/220V AC 20A IP65 Blue Charger (57.6V DC) Ring Terminals","Batteries","other","manufacturerText says designed exclusively for 48V HUSKY 2 and 48V EAGLE 2"
"catalog-26","signature-solar-bigbattery-48v-husky-2-inv-lithium-battery-26","BigBattery | 48V HUSKY 2 INV Lithium Battery","Batteries","other","manufacturerText does not name which inverter brands are supported"
"catalog-267","current-connected-bigbattery-apex-10k-off-grid-inverter-48v-all-in-one-inverter-with-11kw-solar-input-and-up-to-200a-batter-267","BigBattery APEX-10K Off-Grid Inverter, 48V All-in-One Inverter with 11kW Solar Input and up to 200A Battery Charging, UL 1741","Solar panels","category","Category 'Solar panels' looks wrong; this product is an inverter"
"catalog-267","current-connected-bigbattery-apex-10k-off-grid-inverter-48v-all-in-one-inverter-with-11kw-solar-input-and-up-to-200a-batter-267","BigBattery APEX-10K Off-Grid Inverter, 48V All-in-One Inverter with 11kW Solar Input and up to 200A Battery Charging, UL 1741","Solar panels","other","Name states 11kW solar input but manufacturerText states 10,500W combined PV input; neither total used"
"catalog-267","current-connected-bigbattery-apex-10k-off-grid-inverter-48v-all-in-one-inverter-with-11kw-solar-input-and-up-to-200a-batter-267","BigBattery APEX-10K Off-Grid Inverter, 48V All-in-One Inverter with 11kW Solar Input and up to 200A Battery Charging, UL 1741","Solar panels","thin or truncated source","manufacturerText is cut off mid-sentence in the timed charge section"
"catalog-267","current-connected-bigbattery-apex-10k-off-grid-inverter-48v-all-in-one-inverter-with-11kw-solar-input-and-up-to-200a-batter-267","BigBattery APEX-10K Off-Grid Inverter, 48V All-in-One Inverter with 11kW Solar Input and up to 200A Battery Charging, UL 1741","Solar panels","other","manufacturerText contains a pre-configuration sentence with the retailer name removed; not used"
"catalog-268","current-connected-bigbattery-apex-6-5k-off-grid-inverter-48v-all-in-one-inverter-with-10kw-solar-input-ul-1741-268","BigBattery APEX-6.5K Off-Grid Inverter, 48V All-in-One Inverter with 10kW Solar Input, UL 1741","Home integration","rating or data conflict","ratedOutputW 10000 conflicts with the continuous output figure in manufacturerText; continuous output not stated"
"catalog-268","current-connected-bigbattery-apex-6-5k-off-grid-inverter-48v-all-in-one-inverter-with-10kw-solar-input-ul-1741-268","BigBattery APEX-6.5K Off-Grid Inverter, 48V All-in-One Inverter with 10kW Solar Input, UL 1741","Home integration","category","Category 'Home integration' may be wrong; this product is an off-grid inverter"
"catalog-270","current-connected-bigbattery-nexus-48v-15kwh-lifepo4-battery-300ah-energy-storage-for-solar-and-backup-270","BigBattery NEXUS 48V 15kWh LiFePO4 Battery, 300Ah Energy Storage for Solar and Backup","Batteries","other","manufacturerText says up to 15 batteries in parallel for up to 215kWh, which does not equal 15 x 15kWh; parallel figures not used"
"catalog-756","bluetti-2-ac300-2-b300k-2-350w-solar-p030a-756","2*AC300+2*B300K+2*350W Solar+P030A","Batteries","rating or data conflict","ratedOutputW 350 is the panel rating and conflicts with the inverter figure in manufacturerText; neither used as system output"
"catalog-756","bluetti-2-ac300-2-b300k-2-350w-solar-p030a-756","2*AC300+2*B300K+2*350W Solar+P030A","Batteries","category","Category 'Batteries' looks wrong for a solar generator bundle"
"catalog-756","bluetti-2-ac300-2-b300k-2-350w-solar-p030a-756","2*AC300+2*B300K+2*350W Solar+P030A","Batteries","other","manufacturerText refers to B300 while the bundle lists B300K"
"catalog-756","bluetti-2-ac300-2-b300k-2-350w-solar-p030a-756","2*AC300+2*B300K+2*350W Solar+P030A","Batteries","other","P030A is not described in manufacturerText"
"catalog-756","bluetti-2-ac300-2-b300k-2-350w-solar-p030a-756","2*AC300+2*B300K+2*350W Solar+P030A","Batteries","other","manufacturerText includes delivery, payment, warranty, and download text; not used"
"catalog-757","bluetti-2-apex-300-2-b300k-hub-a1-757","2*Apex 300+2*B300K+Hub A1","Portable power","thin or truncated source","thin source"
"catalog-758","bluetti-2-apex-300-4-b300k-hub-a1-758","2*Apex 300+4*B300K+Hub A1","Portable power","thin or truncated source","thin source"
"catalog-759","bluetti-2-apex-300-4-b300k-hub-a1-2-solarx-4k-foldable-trolley-759","2*Apex 300+4*B300K+Hub A1+2*SolarX 4K + Foldable Trolley","Portable power","thin or truncated source","thin source"
"catalog-759","bluetti-2-apex-300-4-b300k-hub-a1-2-solarx-4k-foldable-trolley-759","2*Apex 300+4*B300K+Hub A1+2*SolarX 4K + Foldable Trolley","Portable power","other","no specifications in manufacturerText"
"catalog-760","bluetti-2-b300k-for-ac200l-ac300-760","2*B300K for AC200L/AC300","Batteries","thin or truncated source","thin source"
"catalog-761","bluetti-2-b300k-for-apex-300-761","2*B300K for Apex 300","Batteries","thin or truncated source","thin source"
"catalog-762","bluetti-2-b500k-for-ac300-ac200l-762","2*B500K for AC300/AC200L","Batteries","thin or truncated source","thin source"
"catalog-763","bluetti-2-b500k-for-ac500-763","2*B500K for AC500","Batteries","thin or truncated source","thin source"
"catalog-763","bluetti-2-b500k-for-ac500-763","2*B500K for AC500","Batteries","other","manufacturerText gives 5,120Wh, which may describe one battery rather than the 2-pack; capacity not stated"
"catalog-764","bluetti-2-b500k-for-apex-300-764","2*B500K for Apex 300","Batteries","thin or truncated source","thin source"
"catalog-764","bluetti-2-b500k-for-apex-300-764","2*B500K for Apex 300","Batteries","other","manufacturerText gives 5,120Wh, which may describe one battery rather than the 2-pack; capacity not stated"
"catalog-765","bluetti-2-base-bracket-for-ep800-ep900-765","2*Base Bracket For EP800/EP900","Batteries","thin or truncated source","thin source"
"catalog-765","bluetti-2-base-bracket-for-ep800-ep900-765","2*Base Bracket For EP800/EP900","Batteries","category","Category 'Batteries' looks wrong; this is a mounting accessory"
"catalog-766","bluetti-3-b300k-for-apex-300-766","3*B300K for Apex 300","Batteries","thin or truncated source","thin source"
"catalog-767","bluetti-ac180-bluetti-charger-1-767","AC180+BLUETTI Charger 1","Portable power","thin or truncated source","thin source"
"catalog-767","bluetti-ac180-bluetti-charger-1-767","AC180+BLUETTI Charger 1","Portable power","other","no specifications in manufacturerText"
"catalog-768","bluetti-ac200l-2-200w-solar-768","AC200L+2*200W Solar","Portable power","thin or truncated source","thin source"
"catalog-768","bluetti-ac200l-2-200w-solar-768","AC200L+2*200W Solar","Portable power","other","ratedOutputW 200 is the panel rating, not the AC200L output"
"catalog-768","bluetti-ac200l-2-200w-solar-768","AC200L+2*200W Solar","Portable power","other","no specifications in manufacturerText"
"catalog-769","bluetti-ac200l-2-b300k-769","AC200L+2*B300K","Portable power","thin or truncated source","thin source"
"catalog-769","bluetti-ac200l-2-b300k-769","AC200L+2*B300K","Portable power","other","Name lists two B300K batteries but manufacturerText says AC200L+B300K"
"catalog-770","bluetti-ac200l-200w-solar-770","AC200L+200W Solar","Portable power","thin or truncated source","thin source"
"catalog-770","bluetti-ac200l-200w-solar-770","AC200L+200W Solar","Portable power","other","ratedOutputW 200 is the panel rating, not the AC200L output"
"catalog-770","bluetti-ac200l-200w-solar-770","AC200L+200W Solar","Portable power","other","no specifications in manufacturerText"
"catalog-771","bluetti-ac200l-200w-charger-1-771","AC200L+200W+Charger 1","Portable power","thin or truncated source","thin source"
"catalog-771","bluetti-ac200l-200w-charger-1-771","AC200L+200W+Charger 1","Portable power","other","manufacturerText says AC200L+200W Solar and does not mention the Charger 1 in the name"
"catalog-771","bluetti-ac200l-200w-charger-1-771","AC200L+200W+Charger 1","Portable power","other","ratedOutputW 200 is the panel rating, not the AC200L output"
"catalog-772","bluetti-ac200l-350w-solar-772","AC200L+350W Solar","Portable power","thin or truncated source","thin source"
"catalog-772","bluetti-ac200l-350w-solar-772","AC200L+350W Solar","Portable power","other","ratedOutputW 350 is the panel rating, not the AC200L output"
"catalog-772","bluetti-ac200l-350w-solar-772","AC200L+350W Solar","Portable power","other","no specifications in manufacturerText"
"catalog-773","bluetti-ac200l-b300k-773","AC200L+B300K","Portable power","thin or truncated source","thin source"
"catalog-773","bluetti-ac200l-b300k-773","AC200L+B300K","Portable power","other","no specifications in manufacturerText"
"catalog-774","bluetti-ac200l-bluetti-charger-1-774","AC200L+BLUETTI Charger 1","Portable power","thin or truncated source","thin source"
"catalog-774","bluetti-ac200l-bluetti-charger-1-774","AC200L+BLUETTI Charger 1","Portable power","other","no specifications in manufacturerText"
"catalog-775","bluetti-ac300-2-b300k-2-200w-775","AC300+2*B300K+2*200W","Batteries","rating or data conflict","ratedOutputW 200 is the panel rating and conflicts with the inverter figure in manufacturerText; neither used as system output"
"catalog-775","bluetti-ac300-2-b300k-2-200w-775","AC300+2*B300K+2*200W","Batteries","category","Category 'Batteries' looks wrong for a solar generator bundle"
"catalog-775","bluetti-ac300-2-b300k-2-200w-775","AC300+2*B300K+2*200W","Batteries","other","manufacturerText refers to B300 while the bundle lists B300K"
"catalog-775","bluetti-ac300-2-b300k-2-200w-775","AC300+2*B300K+2*200W","Batteries","other","manufacturerText includes delivery, payment, warranty, and download text; not used"
"catalog-776","bluetti-ac300-2-b300k-350w-776","AC300+2*B300K+350W","Batteries","rating or data conflict","ratedOutputW 350 is the panel rating and conflicts with the inverter figure in manufacturerText; neither used as system output"
"catalog-776","bluetti-ac300-2-b300k-350w-776","AC300+2*B300K+350W","Batteries","category","Category 'Batteries' looks wrong for a solar generator bundle"
"catalog-776","bluetti-ac300-2-b300k-350w-776","AC300+2*B300K+350W","Batteries","other","manufacturerText refers to B300 while the bundle lists B300K"
"catalog-776","bluetti-ac300-2-b300k-350w-776","AC300+2*B300K+350W","Batteries","other","manufacturerText includes delivery, payment, warranty, and download text; not used"
"catalog-778","bluetti-ac300-b300k-2-200w-solar-generator-778","AC300+B300K+2*200W | Solar Generator","Home integration","rating or data conflict","ratedOutputW 200 is the panel rating and conflicts with the inverter figure in manufacturerText; neither used as system output"
"catalog-778","bluetti-ac300-b300k-2-200w-solar-generator-778","AC300+B300K+2*200W | Solar Generator","Home integration","other","manufacturerText refers to B300 while the bundle lists B300K"
"catalog-778","bluetti-ac300-b300k-2-200w-solar-generator-778","AC300+B300K+2*200W | Solar Generator","Home integration","other","manufacturerText includes delivery, payment, warranty, and download text; not used"
"catalog-779","bluetti-ac300-b300k-4-200w-get-free-trolley-779","AC300+B300K+4*200W (Get Free Trolley)","Batteries","rating or data conflict","ratedOutputW 200 is the panel rating and conflicts with the inverter figure in manufacturerText; neither used as system output"
"catalog-779","bluetti-ac300-b300k-4-200w-get-free-trolley-779","AC300+B300K+4*200W (Get Free Trolley)","Batteries","category","Category 'Batteries' looks wrong for a solar generator bundle"
"catalog-779","bluetti-ac300-b300k-4-200w-get-free-trolley-779","AC300+B300K+4*200W (Get Free Trolley)","Batteries","other","Name contains a promotional free trolley offer; not used and trolley not described"
"catalog-779","bluetti-ac300-b300k-4-200w-get-free-trolley-779","AC300+B300K+4*200W (Get Free Trolley)","Batteries","other","manufacturerText refers to B300 while the bundle lists B300K"
"catalog-779","bluetti-ac300-b300k-4-200w-get-free-trolley-779","AC300+B300K+4*200W (Get Free Trolley)","Batteries","other","manufacturerText includes delivery, payment, warranty, and download text; not used"
"catalog-781","bluetti-ac500-b300s-bluetti-charger-1-781","AC500+B300S+BLUETTI Charger 1","Portable power","thin or truncated source","thin source"
"catalog-781","bluetti-ac500-b300s-bluetti-charger-1-781","AC500+B300S+BLUETTI Charger 1","Portable power","other","no specifications in manufacturerText"
"catalog-782","bluetti-ac70-bluetti-charger-1-782","AC70+BLUETTI Charger 1","Portable power","thin or truncated source","thin source"
"catalog-782","bluetti-ac70-bluetti-charger-1-782","AC70+BLUETTI Charger 1","Portable power","other","no specifications in manufacturerText"
"catalog-783","bluetti-apex-300-2-500w-783","Apex 300 + 2 × 500W","Portable power","thin or truncated source","thin source"
"catalog-783","bluetti-apex-300-2-500w-783","Apex 300 + 2 × 500W","Portable power","rating or data conflict","ratedOutputW 500 is the panel rating and conflicts with the 3,840W figure in manufacturerText; system output not stated"
"catalog-784","bluetti-apex-300-2-b300k-solarx-4k-784","Apex 300 + 2*B300K + SolarX 4K","Portable power","thin or truncated source","thin source"
"catalog-785","bluetti-apex-300-500w-785","Apex 300 + 500W","Portable power","thin or truncated source","thin source"
"catalog-785","bluetti-apex-300-500w-785","Apex 300 + 500W","Portable power","rating or data conflict","ratedOutputW 500 is the panel rating and conflicts with the 3,840W figure in manufacturerText; system output not stated"
"catalog-786","bluetti-apex-300-b300k-home-integration-kit-single-apex-300-786","Apex 300 + B300K + Home Integration Kit（Single Apex 300）","Portable power","thin or truncated source","thin source"
"catalog-787","bluetti-apex-300-b300k-solarx-4k-787","Apex 300 + B300K + SolarX 4K","Portable power","thin or truncated source","thin source"
"catalog-787","bluetti-apex-300-b300k-solarx-4k-787","Apex 300 + B300K + SolarX 4K","Portable power","other","SolarX 4K not described in manufacturerText"
"catalog-789","bluetti-apex-300-2-200w-789","Apex 300+2*200W","Portable power","thin or truncated source","thin source"
"catalog-789","bluetti-apex-300-2-200w-789","Apex 300+2*200W","Portable power","rating or data conflict","ratedOutputW 200 is the panel rating and conflicts with the 3,840W figure in manufacturerText; system output not stated"
"catalog-790","bluetti-apex-300-2-b300k-790","Apex 300+2*B300K","Portable power","thin or truncated source","thin source"
"catalog-791","bluetti-apex-300-2-b300k-2-200w-791","Apex 300+2*B300K+2*200W","Portable power","thin or truncated source","thin source"
"catalog-791","bluetti-apex-300-2-b300k-2-200w-791","Apex 300+2*B300K+2*200W","Portable power","rating or data conflict","manufacturerText gives 5,529.6Wh, which does not match an Apex 300 with two B300K batteries; capacity not stated"
"catalog-791","bluetti-apex-300-2-b300k-2-200w-791","Apex 300+2*B300K+2*200W","Portable power","rating or data conflict","ratedOutputW 200 is the panel rating and conflicts with the 3,840W figure in manufacturerText; system output not stated"
"catalog-792","bluetti-apex-300-350w-792","Apex 300+350W","Portable power","thin or truncated source","thin source"
"catalog-792","bluetti-apex-300-350w-792","Apex 300+350W","Portable power","rating or data conflict","ratedOutputW 350 is the panel rating and conflicts with the 3,840W figure in manufacturerText; system output not stated"
"catalog-793","bluetti-apex-300-b300k-793","Apex 300+B300K","Portable power","thin or truncated source","thin source"
"catalog-794","bluetti-apex-300-b300k-2-200w-794","Apex 300+B300K+2*200W","Portable power","thin or truncated source","thin source"
"catalog-794","bluetti-apex-300-b300k-2-200w-794","Apex 300+B300K+2*200W","Portable power","rating or data conflict","ratedOutputW 200 is the panel rating and conflicts with the 3,840W figure in manufacturerText; system output not stated"
"catalog-795","bluetti-apex-300-b300k-2-350w-795","Apex 300+B300K+2*350W","Portable power","thin or truncated source","thin source"
"catalog-795","bluetti-apex-300-b300k-2-350w-795","Apex 300+B300K+2*350W","Portable power","rating or data conflict","ratedOutputW 350 is the panel rating and conflicts with the 3,840W figure in manufacturerText; system output not stated"
"catalog-796","bluetti-apex-300-b300k-charger-1-796","Apex 300+B300K+Charger 1","Portable power","thin or truncated source","thin source"
"catalog-796","bluetti-apex-300-b300k-charger-1-796","Apex 300+B300K+Charger 1","Portable power","rating or data conflict","manufacturerText gives 2,764.8Wh, which does not match an Apex 300 with a B300K; capacity not stated"
"catalog-797","bluetti-apex-300-b300k-charger-1-hub-d1-2-350w-797","Apex 300+B300K+Charger 1+Hub D1+2*350W","Accessories","thin or truncated source","thin source"
"catalog-797","bluetti-apex-300-b300k-charger-1-hub-d1-2-350w-797","Apex 300+B300K+Charger 1+Hub D1+2*350W","Accessories","category","Category 'Accessories' looks wrong for a full power station bundle"
"catalog-797","bluetti-apex-300-b300k-charger-1-hub-d1-2-350w-797","Apex 300+B300K+Charger 1+Hub D1+2*350W","Accessories","rating or data conflict","ratedOutputW 350 is the panel rating and conflicts with the 3,840W figure in manufacturerText; system output not stated"
"catalog-797","bluetti-apex-300-b300k-charger-1-hub-d1-2-350w-797","Apex 300+B300K+Charger 1+Hub D1+2*350W","Accessories","other","PV cables are described as free in manufacturerText; promotional wording not used"
"catalog-798","bluetti-apex-300-b300k-hub-d1-798","Apex 300+B300K+Hub D1","Portable power","thin or truncated source","thin source"
"catalog-798","bluetti-apex-300-b300k-hub-d1-798","Apex 300+B300K+Hub D1","Portable power","other","bundle contents taken from product name only; manufacturerText does not list included items"
"catalog-799","bluetti-apex-300-charger-1-799","Apex 300+Charger 1","Portable power","thin or truncated source","thin source"
"catalog-799","bluetti-apex-300-charger-1-799","Apex 300+Charger 1","Portable power","other","manufacturerText does not describe the Charger 1; its specs are unverified"
"catalog-800","bluetti-apex-300-hub-d1-800","Apex 300+Hub D1","Portable power","thin or truncated source","thin source"
"catalog-800","bluetti-apex-300-hub-d1-800","Apex 300+Hub D1","Portable power","other","manufacturerText does not describe the Hub D1; its specs are unverified"
"catalog-801","bluetti-apex-300-solarx-4k-801","Apex 300+SolarX 4K","Portable power","thin or truncated source","thin source"
"catalog-802","bluetti-b300k-for-ac200l-ac300-802","B300K for AC200L/AC300","Batteries","thin or truncated source","thin source"
"catalog-802","bluetti-b300k-for-ac200l-ac300-802","B300K for AC200L/AC300","Batteries","other","compatibility taken from product name only; manufacturerText does not state it"
"catalog-803","bluetti-b300k-for-ac500-803","B300K for AC500","Batteries","thin or truncated source","thin source"
"catalog-803","bluetti-b300k-for-ac500-803","B300K for AC500","Batteries","other","compatibility taken from product name only; manufacturerText does not state it"
"catalog-804","bluetti-b300k-for-apex-300-804","B300K for Apex 300","Batteries","thin or truncated source","thin source"
"catalog-804","bluetti-b300k-for-apex-300-804","B300K for Apex 300","Batteries","other","compatibility taken from product name only; manufacturerText does not state it"
"catalog-805","bluetti-b500k-for-ac300-ac200l-805","B500K for AC300/AC200L","Batteries","thin or truncated source","thin source"
"catalog-805","bluetti-b500k-for-ac300-ac200l-805","B500K for AC300/AC200L","Batteries","other","compatibility taken from product name only; manufacturerText does not state it"
"catalog-806","bluetti-b500k-for-ac500-806","B500K for AC500","Batteries","thin or truncated source","thin source"
"catalog-806","bluetti-b500k-for-ac500-806","B500K for AC500","Batteries","other","compatibility taken from product name only; manufacturerText does not state it"
"catalog-807","bluetti-b500k-for-apex-300-807","B500K for Apex 300","Batteries","thin or truncated source","thin source"
"catalog-807","bluetti-b500k-for-apex-300-807","B500K for Apex 300","Batteries","other","compatibility taken from product name only; manufacturerText does not state it"
"catalog-810","bluetti-bluetti-120w-solar-panel-120w-810","BLUETTI 120W Solar Panel | 120W","Solar panels","other","adapter for non-MC4 generators is mentioned but not stated as included"
"catalog-811","bluetti-bluetti-2-ac300-2-b300-1-p030a-home-battery-backup-811","BLUETTI 2*AC300 + 2*B300 + 1*P030A | Home Battery Backup","Batteries","rating or data conflict","ratedOutputW (2400) conflicts with manufacturerText (3000W inverter, 2400W solar input); neither output figure used"
"catalog-811","bluetti-bluetti-2-ac300-2-b300-1-p030a-home-battery-backup-811","BLUETTI 2*AC300 + 2*B300 + 1*P030A | Home Battery Backup","Batteries","other","manufacturerText contains shipping, payment and warranty notes; omitted"
"catalog-811","bluetti-bluetti-2-ac300-2-b300-1-p030a-home-battery-backup-811","BLUETTI 2*AC300 + 2*B300 + 1*P030A | Home Battery Backup","Batteries","other","total bundle capacity not stated in source"
"catalog-811","bluetti-bluetti-2-ac300-2-b300-1-p030a-home-battery-backup-811","BLUETTI 2*AC300 + 2*B300 + 1*P030A | Home Battery Backup","Batteries","other","P030A function not described in source"
"catalog-813","bluetti-bluetti-2-ac300-2-b300k-p030a-home-battery-backup-813","BLUETTI 2*AC300+2*B300K+P030A | Home Battery Backup","Batteries","rating or data conflict","ratedOutputW (2400) conflicts with manufacturerText (3000W inverter, 2400W solar input); neither output figure used"
"catalog-813","bluetti-bluetti-2-ac300-2-b300k-p030a-home-battery-backup-813","BLUETTI 2*AC300+2*B300K+P030A | Home Battery Backup","Batteries","other","manufacturerText contains shipping, payment and warranty notes; omitted"
"catalog-813","bluetti-bluetti-2-ac300-2-b300k-p030a-home-battery-backup-813","BLUETTI 2*AC300+2*B300K+P030A | Home Battery Backup","Batteries","other","total bundle capacity not stated in source"
"catalog-813","bluetti-bluetti-2-ac300-2-b300k-p030a-home-battery-backup-813","BLUETTI 2*AC300+2*B300K+P030A | Home Battery Backup","Batteries","other","manufacturerText describes B300 modules and links the B300 manual, but this bundle lists B300K; module count claim omitted"
"catalog-813","bluetti-bluetti-2-ac300-2-b300k-p030a-home-battery-backup-813","BLUETTI 2*AC300+2*B300K+P030A | Home Battery Backup","Batteries","other","P030A function not described in source"
"catalog-814","bluetti-bluetti-2-ac300-4-b300k-home-battery-backup-814","BLUETTI 2*AC300+4*B300K | Home Battery Backup","Batteries","rating or data conflict","ratedOutputW (2400) conflicts with manufacturerText (3000W inverter, 2400W solar input); neither output figure used"
"catalog-814","bluetti-bluetti-2-ac300-4-b300k-home-battery-backup-814","BLUETTI 2*AC300+4*B300K | Home Battery Backup","Batteries","other","manufacturerText contains shipping, payment and warranty notes; omitted"
"catalog-814","bluetti-bluetti-2-ac300-4-b300k-home-battery-backup-814","BLUETTI 2*AC300+4*B300K | Home Battery Backup","Batteries","other","total bundle capacity not stated in source"
"catalog-814","bluetti-bluetti-2-ac300-4-b300k-home-battery-backup-814","BLUETTI 2*AC300+4*B300K | Home Battery Backup","Batteries","other","manufacturerText describes B300 modules and links the B300 manual, but this bundle lists B300K; module count claim omitted"
"catalog-814","bluetti-bluetti-2-ac300-4-b300k-home-battery-backup-814","BLUETTI 2*AC300+4*B300K | Home Battery Backup","Batteries","other","manufacturerText says up to 4xB300 while the bundle already has four packs across two units; module limit unclear"
"catalog-815","bluetti-bluetti-200w-portable-solar-panel-815","BLUETTI 200W Portable Solar Panel","Solar panels","other","manufacturerText warranty claim omitted"
"catalog-816","bluetti-bluetti-350w-solar-panel-816","BLUETTI 350W Solar Panel","Solar panels","thin or truncated source","thin source"
"catalog-817","bluetti-bluetti-350w-solar-panel-2-700w-817","BLUETTI 350W Solar Panel × 2 | 700W","Solar panels","thin or truncated source","thin source"
"catalog-818","bluetti-bluetti-350w-solar-panel-3-1050w-818","BLUETTI 350W Solar Panel × 3 | 1050W","Solar panels","thin or truncated source","thin source"
"catalog-819","bluetti-bluetti-500w-solar-panel-819","BLUETTI 500W Solar Panel","Solar panels","thin or truncated source","thin source"
"catalog-820","bluetti-bluetti-500w-x-2-solar-panel-820","BLUETTI 500W x 2 Solar Panel","Solar panels","thin or truncated source","thin source"
"catalog-821","bluetti-bluetti-ac180-solar-generator-1-800w-1-152wh-821","BLUETTI AC180 Solar Generator | 1,800W 1,152Wh","Portable power","other","same manufacturerText as catalog-822; unclear whether the solar generator listing includes panels"
"catalog-822","bluetti-bluetti-ac180-solar-portable-power-station-1-800w-1-152wh-822","BLUETTI AC180 Solar Portable Power Station | 1,800W 1,152Wh","Portable power","other","same manufacturerText as catalog-821; possible duplicate listing"
"catalog-823","bluetti-bluetti-ac180p-portable-power-station-1-800w-1-440wh-823","BLUETTI AC180P Portable Power Station | 1,800W 1,440Wh","Portable power","thin or truncated source","thin source"
"catalog-824","bluetti-bluetti-ac200l-portable-power-station-2-400w-2-048wh-824","BLUETTI AC200L Portable Power Station | 2,400W,2,048Wh","Portable power","thin or truncated source","thin source"
"catalog-824","bluetti-bluetti-ac200l-portable-power-station-2-400w-2-048wh-824","BLUETTI AC200L Portable Power Station | 2,400W,2,048Wh","Portable power","other","capacityWh field is empty although the name states 2,048Wh"
"catalog-825","bluetti-bluetti-ac200max-expandable-power-station-825","BLUETTI AC200MAX Expandable Power Station","Accessories","category","likely miscategorised: listed under Accessories but is a power station"
"catalog-825","bluetti-bluetti-ac200max-expandable-power-station-825","BLUETTI AC200MAX Expandable Power Station","Accessories","rating or data conflict","ratedOutputW (200) conflicts with manufacturerText (2,200W inverter); neither output figure used"
"catalog-826","bluetti-bluetti-ac200p-l-portable-power-station-2-400w-2-304wh-826","BLUETTI AC200P L Portable Power Station | 2,400W 2,304Wh","Portable power","thin or truncated source","thin source"
"catalog-827","bluetti-bluetti-ac200p-portable-power-station-2-000w-2-000wh-827","BLUETTI AC200P Portable Power Station | 2,000W 2,000Wh","Solar panels","category","likely miscategorised: listed under Solar panels but is a power station"
"catalog-827","bluetti-bluetti-ac200p-portable-power-station-2-000w-2-000wh-827","BLUETTI AC200P Portable Power Station | 2,000W 2,000Wh","Solar panels","other","warranty card omitted from included list per policy rule"
"catalog-828","bluetti-bluetti-ac300-2-b300-home-battery-backup-828","BLUETTI AC300 + 2*B300 | Home Battery Backup","Batteries","rating or data conflict","ratedOutputW (2400) conflicts with manufacturerText (3000W inverter, 2400W solar input); neither output figure used"
"catalog-828","bluetti-bluetti-ac300-2-b300-home-battery-backup-828","BLUETTI AC300 + 2*B300 | Home Battery Backup","Batteries","other","manufacturerText contains shipping, payment and warranty notes; omitted"
"catalog-828","bluetti-bluetti-ac300-2-b300-home-battery-backup-828","BLUETTI AC300 + 2*B300 | Home Battery Backup","Batteries","other","total bundle capacity not stated in source"
"catalog-829","bluetti-bluetti-ac300-4-b300-home-battery-backup-829","BLUETTI AC300 + 4*B300 | Home Battery Backup","Batteries","rating or data conflict","ratedOutputW (2400) conflicts with manufacturerText (3000W inverter, 2400W solar input); neither output figure used"
"catalog-829","bluetti-bluetti-ac300-4-b300-home-battery-backup-829","BLUETTI AC300 + 4*B300 | Home Battery Backup","Batteries","other","manufacturerText contains shipping, payment and warranty notes; omitted"
"catalog-829","bluetti-bluetti-ac300-4-b300-home-battery-backup-829","BLUETTI AC300 + 4*B300 | Home Battery Backup","Batteries","other","total bundle capacity not stated in source"
"catalog-830","bluetti-bluetti-ac300-b300-home-battery-backup-830","BLUETTI AC300 + B300 | Home Battery Backup","Batteries","rating or data conflict","ratedOutputW (2400) conflicts with manufacturerText (3000W inverter, 2400W solar input); neither output figure used"
"catalog-830","bluetti-bluetti-ac300-b300-home-battery-backup-830","BLUETTI AC300 + B300 | Home Battery Backup","Batteries","other","manufacturerText contains shipping, payment and warranty notes; omitted"
"catalog-830","bluetti-bluetti-ac300-b300-home-battery-backup-830","BLUETTI AC300 + B300 | Home Battery Backup","Batteries","other","total bundle capacity not stated in source"
"catalog-831","bluetti-bluetti-ac300-inverter-module-generator-3-000w-requires-the-b300-b300k-to-work-831","BLUETTI AC300 Inverter Module Generator | 3,000W ( Requires The B300/B300K to Work )","Solar panels","category","likely miscategorised: listed under Solar panels but is an inverter module"
"catalog-831","bluetti-bluetti-ac300-inverter-module-generator-3-000w-requires-the-b300-b300k-to-work-831","BLUETTI AC300 Inverter Module Generator | 3,000W ( Requires The B300/B300K to Work )","Solar panels","other","requires a B300 or B300K battery to operate; none included"
"catalog-833","bluetti-bluetti-ac300-2-b300-home-integration-kit-120v-home-battery-backup-833","BLUETTI AC300+2*B300+Home integration Kit (120V) | Home Battery Backup","Batteries","rating or data conflict","ratedOutputW (2400) conflicts with manufacturerText (3000W inverter, 2400W solar input); neither output figure used"
"catalog-833","bluetti-bluetti-ac300-2-b300-home-integration-kit-120v-home-battery-backup-833","BLUETTI AC300+2*B300+Home integration Kit (120V) | Home Battery Backup","Batteries","other","manufacturerText contains shipping, payment and warranty notes; omitted"
"catalog-833","bluetti-bluetti-ac300-2-b300-home-integration-kit-120v-home-battery-backup-833","BLUETTI AC300+2*B300+Home integration Kit (120V) | Home Battery Backup","Batteries","other","total bundle capacity not stated in source"
"catalog-833","bluetti-bluetti-ac300-2-b300-home-integration-kit-120v-home-battery-backup-833","BLUETTI AC300+2*B300+Home integration Kit (120V) | Home Battery Backup","Batteries","other","Home Integration Kit not described in source; function unverified"
"catalog-834","bluetti-bluetti-ac300-2-b300-trolley-home-battery-backup-834","BLUETTI AC300+2*B300+Trolley | Home Battery Backup","Batteries","rating or data conflict","ratedOutputW (2400) conflicts with manufacturerText (3000W inverter, 2400W solar input); neither output figure used"
"catalog-834","bluetti-bluetti-ac300-2-b300-trolley-home-battery-backup-834","BLUETTI AC300+2*B300+Trolley | Home Battery Backup","Batteries","other","manufacturerText contains shipping, payment and warranty notes; omitted"
"catalog-834","bluetti-bluetti-ac300-2-b300-trolley-home-battery-backup-834","BLUETTI AC300+2*B300+Trolley | Home Battery Backup","Batteries","other","total bundle capacity not stated in source"
"catalog-834","bluetti-bluetti-ac300-2-b300-trolley-home-battery-backup-834","BLUETTI AC300+2*B300+Trolley | Home Battery Backup","Batteries","other","trolley not described in source"
"catalog-835","bluetti-bluetti-ac300-2-b300k-3-350w-solar-rv-cable-home-battery-backup-835","BLUETTI AC300+2*B300K+3*350W Solar+RV Cable | Home Battery Backup","Batteries","other","ratedOutputW (350) reflects a single panel, not the bundle; not used"
"catalog-835","bluetti-bluetti-ac300-2-b300k-3-350w-solar-rv-cable-home-battery-backup-835","BLUETTI AC300+2*B300K+3*350W Solar+RV Cable | Home Battery Backup","Batteries","other","manufacturerText contains shipping, payment and warranty notes; omitted"
"catalog-835","bluetti-bluetti-ac300-2-b300k-3-350w-solar-rv-cable-home-battery-backup-835","BLUETTI AC300+2*B300K+3*350W Solar+RV Cable | Home Battery Backup","Batteries","other","total bundle capacity not stated in source"
"catalog-835","bluetti-bluetti-ac300-2-b300k-3-350w-solar-rv-cable-home-battery-backup-835","BLUETTI AC300+2*B300K+3*350W Solar+RV Cable | Home Battery Backup","Batteries","other","manufacturerText describes B300 modules and links the B300 manual, but this bundle lists B300K; module count claim omitted"
"catalog-835","bluetti-bluetti-ac300-2-b300k-3-350w-solar-rv-cable-home-battery-backup-835","BLUETTI AC300+2*B300K+3*350W Solar+RV Cable | Home Battery Backup","Batteries","other","RV cable not described in source"
"catalog-836","bluetti-bluetti-ac300-2-b300k-trolley-home-battery-backup-836","BLUETTI AC300+2*B300K+Trolley | Home Battery Backup","Batteries","rating or data conflict","ratedOutputW (2400) conflicts with manufacturerText (3000W inverter, 2400W solar input); neither output figure used"
"catalog-836","bluetti-bluetti-ac300-2-b300k-trolley-home-battery-backup-836","BLUETTI AC300+2*B300K+Trolley | Home Battery Backup","Batteries","other","manufacturerText contains shipping, payment and warranty notes; omitted"
"catalog-836","bluetti-bluetti-ac300-2-b300k-trolley-home-battery-backup-836","BLUETTI AC300+2*B300K+Trolley | Home Battery Backup","Batteries","other","total bundle capacity not stated in source"
"catalog-836","bluetti-bluetti-ac300-2-b300k-trolley-home-battery-backup-836","BLUETTI AC300+2*B300K+Trolley | Home Battery Backup","Batteries","other","manufacturerText describes B300 modules and links the B300 manual, but this bundle lists B300K; module count claim omitted"
"catalog-836","bluetti-bluetti-ac300-2-b300k-trolley-home-battery-backup-836","BLUETTI AC300+2*B300K+Trolley | Home Battery Backup","Batteries","other","trolley not described in source"
"catalog-837","bluetti-bluetti-ac300-3-b300k-home-battery-backup-837","BLUETTI AC300+3*B300K| Home Battery Backup","Batteries","rating or data conflict","ratedOutputW (2400) conflicts with manufacturerText (3000W inverter, 2400W solar input); neither output figure used"
"catalog-837","bluetti-bluetti-ac300-3-b300k-home-battery-backup-837","BLUETTI AC300+3*B300K| Home Battery Backup","Batteries","other","manufacturerText contains shipping, payment and warranty notes; omitted"
"catalog-837","bluetti-bluetti-ac300-3-b300k-home-battery-backup-837","BLUETTI AC300+3*B300K| Home Battery Backup","Batteries","other","total bundle capacity not stated in source"
"catalog-837","bluetti-bluetti-ac300-3-b300k-home-battery-backup-837","BLUETTI AC300+3*B300K| Home Battery Backup","Batteries","other","manufacturerText describes B300 modules and links the B300 manual, but this bundle lists B300K; module count claim omitted"
"catalog-838","bluetti-bluetti-ac300-4-b300k-home-battery-backup-838","BLUETTI AC300+4*B300K | Home Battery Backup","Batteries","rating or data conflict","ratedOutputW (2400) conflicts with manufacturerText (3000W inverter, 2400W solar input); neither output figure used"
"catalog-838","bluetti-bluetti-ac300-4-b300k-home-battery-backup-838","BLUETTI AC300+4*B300K | Home Battery Backup","Batteries","other","manufacturerText contains shipping, payment and warranty notes; omitted"
"catalog-838","bluetti-bluetti-ac300-4-b300k-home-battery-backup-838","BLUETTI AC300+4*B300K | Home Battery Backup","Batteries","other","total bundle capacity not stated in source"
"catalog-838","bluetti-bluetti-ac300-4-b300k-home-battery-backup-838","BLUETTI AC300+4*B300K | Home Battery Backup","Batteries","other","manufacturerText describes B300 modules and links the B300 manual, but this bundle lists B300K; module count claim omitted"
"catalog-839","bluetti-bluetti-ac300-b300-2-pv200d-home-battery-backup-839","BLUETTI AC300+B300+2*PV200D | Home Battery Backup","Batteries","rating or data conflict","ratedOutputW (2400) conflicts with manufacturerText (3000W inverter, 2400W solar input); neither output figure used"
"catalog-839","bluetti-bluetti-ac300-b300-2-pv200d-home-battery-backup-839","BLUETTI AC300+B300+2*PV200D | Home Battery Backup","Batteries","other","manufacturerText contains shipping, payment and warranty notes; omitted"
"catalog-839","bluetti-bluetti-ac300-b300-2-pv200d-home-battery-backup-839","BLUETTI AC300+B300+2*PV200D | Home Battery Backup","Batteries","other","total bundle capacity not stated in source"
"catalog-839","bluetti-bluetti-ac300-b300-2-pv200d-home-battery-backup-839","BLUETTI AC300+B300+2*PV200D | Home Battery Backup","Batteries","other","PV200D panel specs not described in source"
"catalog-841","bluetti-bluetti-ac300-b300-2-pv350-home-battery-backup-841","BLUETTI AC300+B300+2*PV350 | Home Battery Backup","Batteries","rating or data conflict","ratedOutputW (2400) conflicts with manufacturerText (3000W inverter, 2400W solar input); neither output figure used"
"catalog-841","bluetti-bluetti-ac300-b300-2-pv350-home-battery-backup-841","BLUETTI AC300+B300+2*PV350 | Home Battery Backup","Batteries","other","manufacturerText contains shipping, payment and warranty notes; omitted"
"catalog-841","bluetti-bluetti-ac300-b300-2-pv350-home-battery-backup-841","BLUETTI AC300+B300+2*PV350 | Home Battery Backup","Batteries","other","total bundle capacity not stated in source"
"catalog-841","bluetti-bluetti-ac300-b300-2-pv350-home-battery-backup-841","BLUETTI AC300+B300+2*PV350 | Home Battery Backup","Batteries","other","PV350 panel specs not described in source"
"catalog-842","bluetti-bluetti-ac300-b300-3-pv200d-home-battery-backup-842","BLUETTI AC300+B300+3*PV200D | Home Battery Backup","Batteries","rating or data conflict","ratedOutputW (2400) conflicts with manufacturerText (3000W inverter, 2400W solar input); neither output figure used"
"catalog-842","bluetti-bluetti-ac300-b300-3-pv200d-home-battery-backup-842","BLUETTI AC300+B300+3*PV200D | Home Battery Backup","Batteries","other","manufacturerText contains shipping, payment and warranty notes; omitted"
"catalog-842","bluetti-bluetti-ac300-b300-3-pv200d-home-battery-backup-842","BLUETTI AC300+B300+3*PV200D | Home Battery Backup","Batteries","other","total bundle capacity not stated in source"
"catalog-842","bluetti-bluetti-ac300-b300-3-pv200d-home-battery-backup-842","BLUETTI AC300+B300+3*PV200D | Home Battery Backup","Batteries","other","PV200D panel specs not described in source"
"catalog-843","bluetti-bluetti-ac300-b300-3-pv350-home-battery-backup-843","BLUETTI AC300+B300+3*PV350 | Home Battery Backup","Batteries","rating or data conflict","ratedOutputW (2400) conflicts with manufacturerText (3000W inverter, 2400W solar input); neither output figure used"
"catalog-843","bluetti-bluetti-ac300-b300-3-pv350-home-battery-backup-843","BLUETTI AC300+B300+3*PV350 | Home Battery Backup","Batteries","other","manufacturerText contains shipping, payment and warranty notes; omitted"
"catalog-843","bluetti-bluetti-ac300-b300-3-pv350-home-battery-backup-843","BLUETTI AC300+B300+3*PV350 | Home Battery Backup","Batteries","other","total bundle capacity not stated in source"
"catalog-843","bluetti-bluetti-ac300-b300-3-pv350-home-battery-backup-843","BLUETTI AC300+B300+3*PV350 | Home Battery Backup","Batteries","other","PV350 panel specs not described in source"
"catalog-844","bluetti-bluetti-ac300-b300-home-integration-kit-120v-844","BLUETTI AC300+B300+Home integration Kit (120V)","Batteries","rating or data conflict","ratedOutputW (2400) conflicts with manufacturerText (3000W inverter, 2400W solar input); neither output figure used"
"catalog-844","bluetti-bluetti-ac300-b300-home-integration-kit-120v-844","BLUETTI AC300+B300+Home integration Kit (120V)","Batteries","other","manufacturerText contains shipping, payment and warranty notes; omitted"
"catalog-844","bluetti-bluetti-ac300-b300-home-integration-kit-120v-844","BLUETTI AC300+B300+Home integration Kit (120V)","Batteries","other","total bundle capacity not stated in source"
"catalog-844","bluetti-bluetti-ac300-b300-home-integration-kit-120v-844","BLUETTI AC300+B300+Home integration Kit (120V)","Batteries","other","Home Integration Kit not described in source; function unverified"
"catalog-845","bluetti-bluetti-ac300-b300-pv350-home-battery-backup-845","BLUETTI AC300+B300+PV350 | Home Battery Backup","Batteries","rating or data conflict","ratedOutputW (2400) conflicts with manufacturerText (3000W inverter, 2400W solar input); neither output figure used"
"catalog-845","bluetti-bluetti-ac300-b300-pv350-home-battery-backup-845","BLUETTI AC300+B300+PV350 | Home Battery Backup","Batteries","other","manufacturerText contains shipping, payment and warranty notes; omitted"
"catalog-845","bluetti-bluetti-ac300-b300-pv350-home-battery-backup-845","BLUETTI AC300+B300+PV350 | Home Battery Backup","Batteries","other","total bundle capacity not stated in source"
"catalog-845","bluetti-bluetti-ac300-b300-pv350-home-battery-backup-845","BLUETTI AC300+B300+PV350 | Home Battery Backup","Batteries","other","PV350 panel specs not described in source"
"catalog-846","bluetti-bluetti-ac300-b300k-2-200w-solar-rv-cable-home-battery-backup-846","BLUETTI AC300+B300K+2*200W Solar+RV Cable | Home Battery Backup","Batteries","other","ratedOutputW (200) reflects a single panel, not the bundle; not used"
"catalog-846","bluetti-bluetti-ac300-b300k-2-200w-solar-rv-cable-home-battery-backup-846","BLUETTI AC300+B300K+2*200W Solar+RV Cable | Home Battery Backup","Batteries","other","manufacturerText contains shipping, payment and warranty notes; omitted"
"catalog-846","bluetti-bluetti-ac300-b300k-2-200w-solar-rv-cable-home-battery-backup-846","BLUETTI AC300+B300K+2*200W Solar+RV Cable | Home Battery Backup","Batteries","other","total bundle capacity not stated in source"
"catalog-846","bluetti-bluetti-ac300-b300k-2-200w-solar-rv-cable-home-battery-backup-846","BLUETTI AC300+B300K+2*200W Solar+RV Cable | Home Battery Backup","Batteries","other","manufacturerText describes B300 modules and links the B300 manual, but this bundle lists B300K; module count claim omitted"
"catalog-846","bluetti-bluetti-ac300-b300k-2-200w-solar-rv-cable-home-battery-backup-846","BLUETTI AC300+B300K+2*200W Solar+RV Cable | Home Battery Backup","Batteries","other","RV cable not described in source"
"catalog-847","bluetti-bluetti-ac300-b300k-2-350w-solar-home-battery-backup-847","BLUETTI AC300+B300K+2*350W Solar | Home Battery Backup","Batteries","other","ratedOutputW (350) reflects a single panel, not the bundle; not used"
"catalog-847","bluetti-bluetti-ac300-b300k-2-350w-solar-home-battery-backup-847","BLUETTI AC300+B300K+2*350W Solar | Home Battery Backup","Batteries","other","manufacturerText contains shipping, payment and warranty notes; omitted"
"catalog-847","bluetti-bluetti-ac300-b300k-2-350w-solar-home-battery-backup-847","BLUETTI AC300+B300K+2*350W Solar | Home Battery Backup","Batteries","other","total bundle capacity not stated in source"
"catalog-847","bluetti-bluetti-ac300-b300k-2-350w-solar-home-battery-backup-847","BLUETTI AC300+B300K+2*350W Solar | Home Battery Backup","Batteries","other","manufacturerText describes B300 modules and links the B300 manual, but this bundle lists B300K; module count claim omitted"
"catalog-848","bluetti-bluetti-ac300-b300k-200w-solar-home-battery-backup-848","BLUETTI AC300+B300K+200W Solar | Home Battery Backup","Batteries","other","ratedOutputW appears to be the solar panel wattage from the name, not the system output; manufacturerText lists B300 while the name says B300K; source text contained retailer order and payment notes, which were not used"
"catalog-849","bluetti-bluetti-ac300-b300k-3-200w-solar-home-battery-backup-849","BLUETTI AC300+B300K+3*200W Solar | Home Battery Backup","Batteries","other","ratedOutputW appears to be the solar panel wattage from the name, not the system output; manufacturerText lists B300 while the name says B300K; source text contained retailer order and payment notes, which were not used"
"catalog-850","bluetti-bluetti-ac300-b300k-3-350w-solar-home-battery-backup-850","BLUETTI AC300+B300K+3*350W Solar | Home Battery Backup","Batteries","other","ratedOutputW appears to be the solar panel wattage from the name, not the system output; manufacturerText lists B300 while the name says B300K; source text contained retailer order and payment notes, which were not used"
"catalog-851","bluetti-bluetti-ac300-b300k-home-integration-kit-120v-home-battery-backup-851","BLUETTI AC300+B300K+Home integration Kit (120V) | Home Battery Backup","Batteries","other","ratingConfirmedByName is false; ratedOutputW 2400 appears to be the solar input figure, not output"
"catalog-851","bluetti-bluetti-ac300-b300k-home-integration-kit-120v-home-battery-backup-851","BLUETTI AC300+B300K+Home integration Kit (120V) | Home Battery Backup","Batteries","other","name says 120V integration kit while manufacturerText mentions a 240V connection; confirm which applies"
"catalog-851","bluetti-bluetti-ac300-b300k-home-integration-kit-120v-home-battery-backup-851","BLUETTI AC300+B300K+Home integration Kit (120V) | Home Battery Backup","Batteries","other","manufacturerText lists B300 while the name says B300K; source text contained retailer order and payment notes, which were not used"
"catalog-852","bluetti-bluetti-ac60-sp100l-solar-generator-600w-403wh-852","BLUETTI AC60+SP100L Solar Generator | 600W 403Wh","Portable power","other","SP100L panel specifications are not given in manufacturerText"
"catalog-853","bluetti-bluetti-b1210-lifepo-battery-12-8-v-100-ah-853","BLUETTI B1210 LiFePO₄ Battery | 12.8 V, 100 Ah","Batteries","thin or truncated source","thin source"
"catalog-854","bluetti-bluetti-b1232-lifepo-battery-12-8-v-314-ah-854","BLUETTI B1232 LiFePO₄ Battery | 12.8 V, 314 Ah","Batteries","thin or truncated source","thin source"
"catalog-855","bluetti-bluetti-b230-expansion-battery-2-048wh-855","BLUETTI B230 Expansion Battery | 2,048Wh","Batteries","other","ratedOutputW 100 reflects the USB-C port, not a total output rating; compatible power stations are not named in manufacturerText"
"catalog-856","bluetti-bluetti-b300-expansion-battery-3-072wh-856","BLUETTI B300 Expansion Battery | 3,072Wh","Portable power","category","ratedOutputW 100 reflects the USB-C port, not a total output rating; categorised as Portable power though it is an expansion battery"
"catalog-857","bluetti-bluetti-b300s-expansion-battery-3-072wh-857","BLUETTI B300S Expansion Battery | 3,072Wh","Portable power","category","categorised as Portable power though it is an expansion battery"
"catalog-860","bluetti-bluetti-b80-b80p-expansion-battery-806wh-860","BLUETTI B80/B80P Expansion Battery | 806Wh","Accessories","category","listing covers B80/B80P without saying which variant is supplied; category Accessories may not fit an expansion battery; ratedOutputW 100 reflects the USB-C port"
"catalog-861","bluetti-bluetti-charger-1-861","BLUETTI Charger 1","Portable power","category","capacityWh 1000 is taken from the 1kWh example, not a product capacity; categorised as Portable power though it is a charger; compatible power stations are not listed"
"catalog-862","bluetti-bluetti-eb70s-portable-power-station-800w-716wh-862","BLUETTI EB70S Portable Power Station | 800W 716Wh","Accessories","category","category Accessories does not fit a portable power station"
"catalog-864","bluetti-bluetti-elite-200-v2-portable-power-station-2-600w-2-073-6wh-864","BLUETTI Elite 200 V2 Portable Power Station | 2,600W 2,073.6Wh","Portable power","thin or truncated source","thin source"
"catalog-864","bluetti-bluetti-elite-200-v2-portable-power-station-2-600w-2-073-6wh-864","BLUETTI Elite 200 V2 Portable Power Station | 2,600W 2,073.6Wh","Portable power","other","capacityWh field is rounded to 2074; name gives 2,073.6Wh"
"catalog-866","bluetti-bluetti-elite-30-v2-light-sand-grey-100w-866","BLUETTI Elite 30 V2 Light Sand Grey +100W","Batteries","category","name does not say what the +100W item is; ratedOutputW 100 conflicts with the 600W rated power in manufacturerText, so neither figure is used; manufacturerText states capacity as 5.288Wh (likely a typo); category Batteries may not fit a bundle"
"catalog-867","bluetti-bluetti-elite-30-v2-portable-power-station-600w-288wh-867","BLUETTI Elite 30 V2 Portable Power Station | 600W 288Wh","Portable power","rating or data conflict","manufacturerText states capacity as 5.288Wh, which conflicts with the 288Wh in the name; capacity left out of copy"
"catalog-868","bluetti-bluetti-elite-30-v2-portable-power-station-600w-288wh-blush-pink-868","BLUETTI Elite 30 V2 Portable Power Station | 600W 288Wh (Blush Pink)","Portable power","rating or data conflict","manufacturerText states capacity as 5.288Wh, which conflicts with the 288Wh in the name; capacity left out of copy"
"catalog-870","bluetti-bluetti-elite-30-v2-portable-power-station-600w-288wh-light-sand-grey-870","BLUETTI Elite 30 V2 Portable Power Station | 600W 288Wh (Light Sand Grey)","Portable power","rating or data conflict","manufacturerText states capacity as 5.288Wh, which conflicts with the 288Wh in the name; capacity left out of copy"
"catalog-871","bluetti-bluetti-elite-30-v2-portable-power-station-600w-288wh-meadow-green-871","BLUETTI Elite 30 V2 Portable Power Station | 600W 288Wh (Meadow Green)","Portable power","rating or data conflict","manufacturerText states capacity as 5.288Wh, which conflicts with the 288Wh in the name; capacity left out of copy"
"catalog-872","bluetti-bluetti-elite-30-v2-portable-power-station-600w-288wh-twilight-glow-purple-872","BLUETTI Elite 30 V2 Portable Power Station | 600W 288Wh (Twilight Glow Purple)","Portable power","rating or data conflict","manufacturerText states capacity as 5.288Wh, which conflicts with the 288Wh in the name; capacity left out of copy"
"catalog-873","bluetti-bluetti-elite-30-v2-twilight-glow-purple-60w-873","BLUETTI Elite 30 V2 Twilight Glow Purple +60W","Batteries","category","name does not say what the +60W item is; ratedOutputW 60 conflicts with the 600W rated power in manufacturerText, so neither figure is used; manufacturerText states capacity as 5.288Wh (likely a typo); category Batteries may not fit a bundle"
"catalog-874","bluetti-bluetti-ep900-3-b500-home-battery-backup-874","BLUETTI EP900 + 3*B500 Home Battery Backup","Batteries","thin or truncated source","thin source"
"catalog-875","bluetti-bluetti-ep900-4-b500-home-battery-backup-875","BLUETTI EP900 + 4*B500 Home Battery Backup","Batteries","thin or truncated source","thin source"
"catalog-877","bluetti-dc-hub-for-charger-2-877","DC Hub for Charger 2","Accessories","other","ratingConfirmedByName is false; the 700W figure is from manufacturerText"
"catalog-878","bluetti-elite-10-100w-878","Elite 10 +100W","Batteries","category","name does not say what the +100W item is; ratedOutputW 100 conflicts with the 200W AC output in manufacturerText, so neither figure is used; category Batteries may not fit a bundle"
"catalog-911","bluetti-elite-10-100w-green-911","Elite 10 +100W (Green)","Batteries","category","name does not say what the +100W item is; ratedOutputW 100 conflicts with the 200W AC output in manufacturerText, so neither figure is used; category Batteries may not fit a bundle"
"catalog-879","bluetti-elite-10-60w-879","Elite 10 +60W","Batteries","category","name does not say what the +60W item is; ratedOutputW 60 conflicts with the 200W AC output in manufacturerText, so neither figure is used; category Batteries may not fit a bundle"
"catalog-912","bluetti-elite-10-60w-green-912","Elite 10 +60W（Green）","Batteries","category","name does not say what the +60W item is; ratedOutputW 60 conflicts with the 200W AC output in manufacturerText, so neither figure is used; category Batteries may not fit a bundle"
"catalog-913","bluetti-elite-100-v2-200w-913","Elite 100 V2 + 200W","Batteries","category","ratedOutputW 200 appears to be the solar panel wattage from the name and conflicts with the 1,800W output in manufacturerText, so neither figure is used; category Batteries may not fit a bundle"
"catalog-913","bluetti-elite-100-v2-200w-913","Elite 100 V2 + 200W","Batteries","other","name does not say what the +200W item is"
"catalog-914","bluetti-elite-100-v2-100w-solar-914","Elite 100 V2+100W Solar","Batteries","category","ratedOutputW 100 appears to be the solar panel wattage from the name and conflicts with the 1,800W output in manufacturerText, so neither figure is used; category Batteries may not fit a bundle"
"catalog-880","bluetti-elite-100-v2-350w-solar-880","Elite 100 V2+350W Solar","Batteries","category","ratedOutputW 350 appears to be the solar panel wattage from the name and conflicts with the 1,800W output in manufacturerText, so neither figure is used; category Batteries may not fit a bundle"
"catalog-882","bluetti-elite-30-v2-blush-pink-100w-882","Elite 30 V2 Blush Pink +100W","Batteries","category","name does not say what the +100W item is; ratedOutputW 100 conflicts with the 600W rated power in manufacturerText, so neither figure is used; manufacturerText states capacity as 5.288Wh (likely a typo); category Batteries may not fit a bundle"
"catalog-883","bluetti-elite-30-v2-blush-pink-60w-883","Elite 30 V2 Blush Pink +60W","Batteries","category","name does not say what the +60W item is; ratedOutputW 60 conflicts with the 600W rated power in manufacturerText, so neither figure is used; manufacturerText states capacity as 5.288Wh (likely a typo); category Batteries may not fit a bundle"
"catalog-885","bluetti-elite-30-v2-light-sand-grey-60w-885","Elite 30 V2 Light Sand Grey +60W","Batteries","category","name does not say what the +60W item is; ratedOutputW 60 conflicts with the 600W rated power in manufacturerText, so neither figure is used; manufacturerText states capacity as 5.288Wh (likely a typo); category Batteries may not fit a bundle"
"catalog-886","bluetti-elite-30-v2-meadow-green-100w-886","Elite 30 V2 Meadow Green +100W","Batteries","category","name does not say what the +100W item is; ratedOutputW 100 conflicts with the 600W rated power in manufacturerText, so neither figure is used; manufacturerText states capacity as 5.288Wh (likely a typo); category Batteries may not fit a bundle"
"catalog-887","bluetti-elite-30-v2-meadow-green-60w-887","Elite 30 V2 Meadow Green +60W","Batteries","category","name does not say what the +60W item is; ratedOutputW 60 conflicts with the 600W rated power in manufacturerText, so neither figure is used; manufacturerText states capacity as 5.288Wh (likely a typo); category Batteries may not fit a bundle"
"catalog-888","bluetti-elite-30-v2-twilight-glow-purple-100w-888","Elite 30 V2 Twilight Glow Purple +100W","Batteries","category","name does not say what the +100W item is; ratedOutputW 100 conflicts with the 600W rated power in manufacturerText, so neither figure is used; manufacturerText states capacity as 5.288Wh (likely a typo); category Batteries may not fit a bundle"
"catalog-889","bluetti-elite-30-v2-100w-solar-889","Elite 30 V2+100W Solar","Batteries","category","ratedOutputW 100 conflicts with the 600W rated power in manufacturerText, so neither figure is used; manufacturerText states capacity as 5.288Wh (likely a typo); category Batteries may not fit a bundle"
"catalog-889","bluetti-elite-30-v2-100w-solar-889","Elite 30 V2+100W Solar","Batteries","other","colour not specified in the name"
"catalog-890","bluetti-elite-30-v2-60w-solar-890","Elite 30 V2+60W Solar","Batteries","category","ratedOutputW 60 conflicts with the 600W rated power in manufacturerText, so neither figure is used; manufacturerText states capacity as 5.288Wh (likely a typo); category Batteries may not fit a bundle"
"catalog-890","bluetti-elite-30-v2-60w-solar-890","Elite 30 V2+60W Solar","Batteries","other","colour not specified in the name"
"catalog-891","bluetti-ems-891","EMS","Portable power","thin or truncated source","thin source"
"catalog-891","bluetti-ems-891","EMS","Portable power","category","categorised as Portable power though it is a system component"
"catalog-892","bluetti-ems-for-energypro-13k-892","EMS for EnergyPro 13K","Portable power","thin or truncated source","thin source"
"catalog-892","bluetti-ems-for-energypro-13k-892","EMS for EnergyPro 13K","Portable power","category","categorised as Portable power though it is a system component"
"catalog-893","bluetti-ep500-ep500pro-ac300-ac500-fusion-box-893","EP500 / EP500Pro / AC300 / AC500 Fusion Box","Portable power","thin or truncated source","thin source"
"catalog-893","bluetti-ep500-ep500pro-ac300-ac500-fusion-box-893","EP500 / EP500Pro / AC300 / AC500 Fusion Box","Portable power","other","condition is used; confirm condition details"
"catalog-893","bluetti-ep500-ep500pro-ac300-ac500-fusion-box-893","EP500 / EP500Pro / AC300 / AC500 Fusion Box","Portable power","other","manufacturerText references both P020A and P030A guides; the model supplied is unclear"
"catalog-894","bluetti-ep900-ep800-home-integration-kit-894","EP900/EP800 Home Integration Kit","Solar panels","thin or truncated source","thin source"
"catalog-894","bluetti-ep900-ep800-home-integration-kit-894","EP900/EP800 Home Integration Kit","Solar panels","category","categorised as Solar panels, which does not fit a home integration kit"
"catalog-895","bluetti-epad-central-control-screen-895","Epad Central Control Screen","Portable power","category","Listed under Portable power but it is a control screen; category likely wrong"
"catalog-895","bluetti-epad-central-control-screen-895","Epad Central Control Screen","Portable power","other","Manufacturer text includes a store-policy term; omitted"
"catalog-896","bluetti-epanel-smart-distribution-panel-896","Epanel Smart Distribution Panel","Solar panels","category","Listed under Solar panels but it is a distribution panel; category likely wrong"
"catalog-898","bluetti-multicooler-portable-fridge-898","MultiCooler Portable Fridge","Batteries","category","Listed under Batteries but it is a portable fridge; category likely wrong"
"catalog-898","bluetti-multicooler-portable-fridge-898","MultiCooler Portable Fridge","Batteries","other","Manufacturer claim of being the first LFP-powered portable fridge is unverifiable; omitted"
"catalog-898","bluetti-multicooler-portable-fridge-898","MultiCooler Portable Fridge","Batteries","other","The four recharge methods are not named in the source"
"catalog-899","bluetti-multicooler-portable-fridge-b70-battery-pack-200w-solar-899","MultiCooler Portable Fridge+B70 Battery Pack+200W Solar","Batteries","other","Manufacturer text describes only the MultiCooler; B70 and 200W item specs are not in the source"
"catalog-899","bluetti-multicooler-portable-fridge-b70-battery-pack-200w-solar-899","MultiCooler Portable Fridge+B70 Battery Pack+200W Solar","Batteries","other","Listed under Batteries but the main item is a portable fridge"
"catalog-899","bluetti-multicooler-portable-fridge-b70-battery-pack-200w-solar-899","MultiCooler Portable Fridge+B70 Battery Pack+200W Solar","Batteries","other","Bundle contents come from the listing name only"
"catalog-900","bluetti-multicooler-ac180t-portable-fridge-900","MultiCooler+AC180T | Portable Fridge","Batteries","other","Manufacturer text describes only the MultiCooler; AC180T specs are not in the source"
"catalog-900","bluetti-multicooler-ac180t-portable-fridge-900","MultiCooler+AC180T | Portable Fridge","Batteries","other","Listed under Batteries but the main item is a portable fridge"
"catalog-900","bluetti-multicooler-ac180t-portable-fridge-900","MultiCooler+AC180T | Portable Fridge","Batteries","other","Bundle contents come from the listing name only"
"catalog-901","bluetti-multicooler-ac180t-200w-solar-portable-fridge-901","MultiCooler+AC180T+200W Solar | Portable Fridge","Batteries","other","Manufacturer text describes only the MultiCooler; AC180T and 200W item specs are not in the source"
"catalog-901","bluetti-multicooler-ac180t-200w-solar-portable-fridge-901","MultiCooler+AC180T+200W Solar | Portable Fridge","Batteries","other","Listed under Batteries but the main item is a portable fridge"
"catalog-901","bluetti-multicooler-ac180t-200w-solar-portable-fridge-901","MultiCooler+AC180T+200W Solar | Portable Fridge","Batteries","other","Bundle contents come from the listing name only"
"catalog-902","bluetti-multicooler-b70-portable-fridge-902","MultiCooler+B70 | Portable Fridge","Batteries","other","Manufacturer text describes only the MultiCooler; B70 specs are not in the source"
"catalog-902","bluetti-multicooler-b70-portable-fridge-902","MultiCooler+B70 | Portable Fridge","Batteries","other","Listed under Batteries but the main item is a portable fridge"
"catalog-902","bluetti-multicooler-b70-portable-fridge-902","MultiCooler+B70 | Portable Fridge","Batteries","other","Bundle contents come from the listing name only"
"catalog-903","bluetti-pioneer-na-100w-903","Pioneer Na+100W","Portable power","rating or data conflict","ratedOutputW (100) conflicts with the 1,500 W output in manufacturer text; neither stated as output"
"catalog-903","bluetti-pioneer-na-100w-903","Pioneer Na+100W","Portable power","other","The 100W item in the name is not described in the source"
"catalog-904","bluetti-pioneer-na-2-200w-904","Pioneer Na+2*200W","Portable power","rating or data conflict","ratedOutputW (200) conflicts with the 1,500 W output in manufacturer text; neither stated as output"
"catalog-904","bluetti-pioneer-na-2-200w-904","Pioneer Na+2*200W","Portable power","other","The 2*200W items in the name are not described in the source"
"catalog-905","bluetti-pioneer-na-200w-905","Pioneer Na+200W","Portable power","rating or data conflict","ratedOutputW (200) conflicts with the 1,500 W output in manufacturer text; neither stated as output"
"catalog-905","bluetti-pioneer-na-200w-905","Pioneer Na+200W","Portable power","other","The 200W item in the name is not described in the source"
"catalog-906","bluetti-pioneer-na-350w-906","Pioneer Na+350W","Portable power","rating or data conflict","ratedOutputW (350) conflicts with the 1,500 W output in manufacturer text; neither stated as output"
"catalog-906","bluetti-pioneer-na-350w-906","Pioneer Na+350W","Portable power","other","The 350W item in the name is not described in the source"
"catalog-907","bluetti-pioneer-na-charger-1-907","Pioneer Na+Charger 1","Portable power","other","Charger 1 is not described in the source"
"catalog-908","bluetti-power-shelter-for-ep800-ep900-908","Power Shelter For EP800/EP900","Batteries","thin or truncated source","thin source"
"catalog-908","bluetti-power-shelter-for-ep800-ep900-908","Power Shelter For EP800/EP900","Batteries","other","Name mentions EP800 but manufacturer text lists EP900 only"
"catalog-908","bluetti-power-shelter-for-ep800-ep900-908","Power Shelter For EP800/EP900","Batteries","other","Unclear whether this listing is the C10 or C20"
"catalog-908","bluetti-power-shelter-for-ep800-ep900-908","Power Shelter For EP800/EP900","Batteries","other","Listed under Batteries but it is an enclosure"
"catalog-909","bluetti-power-shelter-for-ep800-ep900-c20-909","Power Shelter For EP800/EP900(C20)","Portable power","thin or truncated source","thin source"
"catalog-909","bluetti-power-shelter-for-ep800-ep900-c20-909","Power Shelter For EP800/EP900(C20)","Portable power","other","Name mentions EP800/EP900 but this source does not list compatible models"
"catalog-909","bluetti-power-shelter-for-ep800-ep900-c20-909","Power Shelter For EP800/EP900(C20)","Portable power","other","Listed under Portable power but it is an enclosure"
"catalog-910","bluetti-solarx-4k-locking-terminal-to-p090d-adapter-cable-for-single-apex-300-use-910","SolarX 4K & Locking Terminal to P090D Adapter Cable(for Single apex 300 Use)","Batteries","other","Unclear whether this listing is the SolarX 4K unit, the adapter cable, or both"
"catalog-910","bluetti-solarx-4k-locking-terminal-to-p090d-adapter-cable-for-single-apex-300-use-910","SolarX 4K & Locking Terminal to P090D Adapter Cable(for Single apex 300 Use)","Batteries","category","Listed under Batteries but it is a solar charger or cable; category likely wrong"
"catalog-42","signature-solar-briggs-stratton-powerprotect-13-11-5kw-home-standby-generator-120-240v-lp-ng-42","Briggs & Stratton | PowerProtect™ 13/11.5kW Home Standby Generator | 120/240V | LP/NG","Solar panels","category","Listed under Solar panels but it is a standby generator; category wrong"
"catalog-42","signature-solar-briggs-stratton-powerprotect-13-11-5kw-home-standby-generator-120-240v-lp-ng-42","Briggs & Stratton | PowerProtect™ 13/11.5kW Home Standby Generator | 120/240V | LP/NG","Solar panels","other","Source mentions a 200-amp SED transfer switch; unclear whether it is included with this generator-only listing"
"catalog-42","signature-solar-briggs-stratton-powerprotect-13-11-5kw-home-standby-generator-120-240v-lp-ng-42","Briggs & Stratton | PowerProtect™ 13/11.5kW Home Standby Generator | 120/240V | LP/NG","Solar panels","thin or truncated source","Tech specs in source are truncated at THD"
"catalog-40","signature-solar-briggs-stratton-powerprotect-13-11-5kw-home-standby-generator-bundle-100a-16-circuit-automatic-transfer-s-40","Briggs & Stratton | PowerProtect™ 13/11.5kW Home Standby Generator Bundle | 100A 16-Circuit Automatic Transfer Switch | 120/240V | LP/NG","Solar panels","category","Listed under Solar panels but it is a generator bundle; category wrong"
"catalog-40","signature-solar-briggs-stratton-powerprotect-13-11-5kw-home-standby-generator-bundle-100a-16-circuit-automatic-transfer-s-40","Briggs & Stratton | PowerProtect™ 13/11.5kW Home Standby Generator Bundle | 100A 16-Circuit Automatic Transfer Switch | 120/240V | LP/NG","Solar panels","other","Name says 16-circuit transfer switch but source describes a service-entrance-rated SED switch; confirm which"
"catalog-40","signature-solar-briggs-stratton-powerprotect-13-11-5kw-home-standby-generator-bundle-100a-16-circuit-automatic-transfer-s-40","Briggs & Stratton | PowerProtect™ 13/11.5kW Home Standby Generator Bundle | 100A 16-Circuit Automatic Transfer Switch | 120/240V | LP/NG","Solar panels","other","Source says paired with rather than explicitly included"
"catalog-41","signature-solar-briggs-stratton-powerprotect-13-11-5kw-home-standby-generator-bundle-200a-whole-home-automatic-transfer-s-41","Briggs & Stratton | PowerProtect™ 13/11.5kW Home Standby Generator Bundle | 200A Whole-Home Automatic Transfer Switch | Symphony Choice Power Management | 120/240V | LP/NG","Solar panels","category","Listed under Solar panels but it is a generator bundle; category wrong"
"catalog-30","signature-solar-briggs-stratton-energy-trak-gateway-with-outdoor-rated-enclosure-30","Briggs & Stratton Energy Trak Gateway With Outdoor Rated Enclosure","Batteries","category","Listed under Batteries but it is a monitoring gateway; category likely wrong"
"catalog-30","signature-solar-briggs-stratton-energy-trak-gateway-with-outdoor-rated-enclosure-30","Briggs & Stratton Energy Trak Gateway With Outdoor Rated Enclosure","Batteries","other","Source mentions cellular connectivity in benefits but tech specs list only Ethernet, WiFi and Bluetooth"
"catalog-30","signature-solar-briggs-stratton-energy-trak-gateway-with-outdoor-rated-enclosure-30","Briggs & Stratton Energy Trak Gateway With Outdoor Rated Enclosure","Batteries","other","Manufacturer text includes a store-policy term; omitted"
"catalog-32","signature-solar-briggs-stratton-pp18-standby-generator-18-18kw-lp-ng-32","Briggs & Stratton PP18 Standby Generator | 18/18kW (LP/NG)","Home integration","thin or truncated source","Tech specs in source are truncated at THD"
"catalog-32","signature-solar-briggs-stratton-pp18-standby-generator-18-18kw-lp-ng-32","Briggs & Stratton PP18 Standby Generator | 18/18kW (LP/NG)","Home integration","other","Transfer switch not mentioned; generator-only listing"
"catalog-31","signature-solar-briggs-stratton-pp18-standby-generator-18-18kw-bundle-200-amp-standard-sed-transfer-switch-symphony-choic-31","Briggs & Stratton PP18 Standby Generator 18/18kW Bundle + 200 amp Standard SED Transfer Switch + Symphony Choice Power Management","Solar panels","category","Listed under Solar panels but it is a generator bundle; category wrong"
"catalog-31","signature-solar-briggs-stratton-pp18-standby-generator-18-18kw-bundle-200-amp-standard-sed-transfer-switch-symphony-choic-31","Briggs & Stratton PP18 Standby Generator 18/18kW Bundle + 200 amp Standard SED Transfer Switch + Symphony Choice Power Management","Solar panels","other","Source says paired with rather than explicitly included"
"catalog-31","signature-solar-briggs-stratton-pp18-standby-generator-18-18kw-bundle-200-amp-standard-sed-transfer-switch-symphony-choic-31","Briggs & Stratton PP18 Standby Generator 18/18kW Bundle + 200 amp Standard SED Transfer Switch + Symphony Choice Power Management","Solar panels","other","THD value missing in source tech specs"
"catalog-35","signature-solar-briggs-stratton-pp22-standby-generator-22-22kw-lp-ng-35","Briggs & Stratton PP22 Standby Generator | 22/22kW (LP/NG)","Home integration","thin or truncated source","Tech specs in source are truncated at THD"
"catalog-35","signature-solar-briggs-stratton-pp22-standby-generator-22-22kw-lp-ng-35","Briggs & Stratton PP22 Standby Generator | 22/22kW (LP/NG)","Home integration","other","Transfer switch not mentioned; generator-only listing"
"catalog-33","signature-solar-briggs-stratton-pp22-standby-generator-22-22kw-bundle-200-amp-standard-sed-transfer-switch-symphony-choic-33","Briggs & Stratton PP22 Standby Generator 22/22kW Bundle + 200 amp Standard SED Transfer Switch + Symphony Choice Power Management","Home integration","thin or truncated source","Tech specs in source are truncated at THD"
"catalog-34","signature-solar-briggs-stratton-pp22-standby-generator-22-22kw-bundle-dual-200a-split-400s-symphony-ii-sed-power-manageme-34","Briggs & Stratton PP22 Standby Generator 22/22kW Bundle + Dual 200A / Split 400S Symphony II SED Power Management Transfer Switch","Home integration","other","Name says Symphony II; source says Symphony Choice"
"catalog-34","signature-solar-briggs-stratton-pp22-standby-generator-22-22kw-bundle-dual-200a-split-400s-symphony-ii-sed-power-manageme-34","Briggs & Stratton PP22 Standby Generator 22/22kW Bundle + Dual 200A / Split 400S Symphony II SED Power Management Transfer Switch","Home integration","other","Source says paired with rather than explicitly included"
"catalog-34","signature-solar-briggs-stratton-pp22-standby-generator-22-22kw-bundle-dual-200a-split-400s-symphony-ii-sed-power-manageme-34","Briggs & Stratton PP22 Standby Generator 22/22kW Bundle + Dual 200A / Split 400S Symphony II SED Power Management Transfer Switch","Home integration","thin or truncated source","Tech specs in source are truncated at THD"
"catalog-37","signature-solar-briggs-stratton-pp26-standby-generator-26-24kw-lp-ng-37","Briggs & Stratton PP26 Standby Generator | 26/24kW (LP/NG)","Home integration","other","Transfer switch not mentioned; generator-only listing"
"catalog-43","signature-solar-burndy-rcc1000-ratchet-cable-cutter-cuts-up-to-1000-kcmil-cu-al-max-ins-dia-2-375-43","Burndy RCC1000 Ratchet Cable Cutter | Cuts up to 1000 kcmil CU/AL, Max Ins Dia. 2.375""","Accessories","other","Source contains third-party support text and a store-policy term; omitted"
"catalog-48","canadian-solar-canadian-solar-ep-cube-battery-module-48","Canadian Solar | EP Cube Battery Module","Solar panels","thin or truncated source","thin source"
"catalog-48","canadian-solar-canadian-solar-ep-cube-battery-module-48","Canadian Solar | EP Cube Battery Module","Solar panels","other","capacityWh (9900) not confirmed; source gives a 9.9 to 19.9 kWh range per unit, so this module's capacity is unclear"
"catalog-48","canadian-solar-canadian-solar-ep-cube-battery-module-48","Canadian Solar | EP Cube Battery Module","Solar panels","other","Listed under Solar panels but it is a battery module"
"catalog-45","canadian-solar-canadian-solar-695w-topcon-solar-panel-45","Canadian Solar 695W TOPcon Solar Panel","Solar panels","other","Manufacturer text describes a 31-panel pallet but the listing name is a single panel; confirm quantity"
"catalog-50","signature-solar-chiko-maximo-185-steel-solar-carport-gazebo-50","Chiko Maximo 185 Steel Solar Carport/Gazebo","Solar panels","category","Listed under Solar panels but it is a mounting structure; category likely wrong"
"catalog-50","signature-solar-chiko-maximo-185-steel-solar-carport-gazebo-50","Chiko Maximo 185 Steel Solar Carport/Gazebo","Solar panels","other","Source contains store-policy text; omitted"
"catalog-51","signature-solar-chiko-usa-premier-residential-steel-carport-black-solar-pergola-solar-gazebo-51","Chiko USA Premier Residential Steel Carport | Black | Solar Pergola | Solar Gazebo","Solar panels","other","Colour black comes from the listing name only"
"catalog-51","signature-solar-chiko-usa-premier-residential-steel-carport-black-solar-pergola-solar-gazebo-51","Chiko USA Premier Residential Steel Carport | Black | Solar Pergola | Solar Gazebo","Solar panels","category","Listed under Solar panels but it is a mounting structure; category likely wrong"
"catalog-51","signature-solar-chiko-usa-premier-residential-steel-carport-black-solar-pergola-solar-gazebo-51","Chiko USA Premier Residential Steel Carport | Black | Solar Pergola | Solar Gazebo","Solar panels","other","Source contains store-policy text; omitted"
"catalog-52","signature-solar-chikousa-monster-mount-52","ChikoUSA | Monster Mount","Accessories","other","Manufacturer notes it may not meet all local permitting requirements"
"catalog-271","current-connected-cummins-c20d6-20kw-diesel-home-standby-generator-with-24-hour-fuel-tank-120-240v-single-phase-a063p961-271","Cummins C20D6 20kW Diesel Home Standby Generator with 24-Hour Fuel Tank (120/240V Single Phase), A063P961","Home integration","thin or truncated source","Manufacturer text is truncated"
"catalog-272","current-connected-cummins-onan-composite-mounting-pad-for-rs13a-rs17a-rs20a-and-rs20ac-home-standby-generators-272","Cummins Onan Composite Mounting Pad for RS13A, RS17A, RS20A and RS20AC Home Standby Generators","Portable power","category","Listed under Portable power but it is a generator mounting pad; category likely wrong"
"catalog-272","current-connected-cummins-onan-composite-mounting-pad-for-rs13a-rs17a-rs20a-and-rs20ac-home-standby-generators-272","Cummins Onan Composite Mounting Pad for RS13A, RS17A, RS20A and RS20AC Home Standby Generators","Portable power","other","Manufacturer text includes a store-policy term; omitted"
"catalog-273","current-connected-cummins-onan-p11000itf-9000w-gas-8100w-propane-7200w-natural-gas-tri-fuel-portable-inverter-generator-ele-273","Cummins Onan P11000iTF 9000W Gas / 8100W Propane / 7200W Natural Gas Tri-Fuel Portable Inverter Generator, Electric Start, Remote Control, CO Sensor, 120/240V, RV & Home Backup, EPA Approved","Home integration","thin or truncated source","Manufacturer text is truncated"
"catalog-274","current-connected-cummins-onan-p2500i-2200w-portable-inverter-generator-gas-powered-quiet-generator-with-usb-ports-rv-ready-274","Cummins Onan P2500i 2200W Portable Inverter Generator, Gas Powered, Quiet Generator with USB Ports, RV Ready, EPA Approved","Solar panels","category","Listed under Solar panels but it is a portable generator; category wrong"
"catalog-274","current-connected-cummins-onan-p2500i-2200w-portable-inverter-generator-gas-powered-quiet-generator-with-usb-ports-rv-ready-274","Cummins Onan P2500i 2200W Portable Inverter Generator, Gas Powered, Quiet Generator with USB Ports, RV Ready, EPA Approved","Solar panels","other","High altitude carburetor kit is a separate item, not stated as included"
"catalog-275","current-connected-cummins-onan-p4500i-3700w-continuous-4500w-peak-gas-portable-inverter-generator-quiet-generator-with-elec-275","Cummins Onan P4500i 3700W Continuous, 4500W Peak, Gas Portable Inverter Generator, Quiet Generator with Electric Start, Remote Control, RV Ready, EPA","Whole-home backup","other","Manufacturer states EPA compliant for the contiguous US and not for sale in California"
"catalog-275","current-connected-cummins-onan-p4500i-3700w-continuous-4500w-peak-gas-portable-inverter-generator-quiet-generator-with-elec-275","Cummins Onan P4500i 3700W Continuous, 4500W Peak, Gas Portable Inverter Generator, Quiet Generator with Electric Start, Remote Control, RV Ready, EPA","Whole-home backup","other","Listed under Whole-home backup but it is a portable generator"
"catalog-276","current-connected-cummins-onan-p4500idf-3700w-gas-3300w-propane-dual-fuel-portable-inverter-generator-quiet-generator-with--276","Cummins Onan P4500iDF 3700W Gas / 3300W Propane Dual Fuel Portable Inverter Generator, Quiet Generator with Electric Start, Remote Control, RV Ready, EPA Approved","Solar panels","category","Listed under Solar panels but it is a portable generator; category wrong"
"catalog-277","current-connected-cummins-onan-p5000idf-efi-3900w-gas-3500w-propane-dual-fuel-portable-inverter-generator-quiet-generator-w-277","Cummins Onan P5000iDF EFI 3900W Gas / 3500W Propane Dual Fuel Portable Inverter Generator, Quiet Generator with Electric Start, Remote Control, CO Sensor, RV Ready, EPA & CARB Approved","Whole-home backup","thin or truncated source","Manufacturer text is truncated"
"catalog-277","current-connected-cummins-onan-p5000idf-efi-3900w-gas-3500w-propane-dual-fuel-portable-inverter-generator-quiet-generator-w-277","Cummins Onan P5000iDF EFI 3900W Gas / 3500W Propane Dual Fuel Portable Inverter Generator, Quiet Generator with Electric Start, Remote Control, CO Sensor, RV Ready, EPA & CARB Approved","Whole-home backup","other","Listed under Whole-home backup but it is a portable generator"
"catalog-279","current-connected-cummins-ra200-se-200-amp-service-entrance-automatic-transfer-switch-120-240v-nema-3r-279","Cummins RA200 SE 200-Amp Service Entrance Automatic Transfer Switch, 120/240V, NEMA 3R","Solar panels","category","Listed under Solar panels but it is a transfer switch; category wrong"
"catalog-279","current-connected-cummins-ra200-se-200-amp-service-entrance-automatic-transfer-switch-120-240v-nema-3r-279","Cummins RA200 SE 200-Amp Service Entrance Automatic Transfer Switch, 120/240V, NEMA 3R","Solar panels","thin or truncated source","Manufacturer text is truncated"
"catalog-56","signature-solar-duracell-power-center-15kw-hybrid-inverter-56","Duracell Power Center 15kW Hybrid Inverter","Batteries","category","Listed under Batteries but it is an inverter; category likely wrong"
"catalog-280","current-connected-eaton-br-series-100-amp-24-circuit-main-breaker-outdoor-plug-on-neutral-load-center-contractor-breaker-ki-280","Eaton BR Series 100 Amp 24-Circuit Main Breaker Outdoor Plug on Neutral Load Center Contractor Breaker Kit","Solar panels","category","Likely miscategorised: listed under Solar panels but is an electrical load center"
"catalog-281","current-connected-eaton-brp30l200-200a-30-space-60-circuit-indoor-main-lug-plug-on-neutral-load-center-tandem-breaker-panel-281","Eaton BRP30L200 200A 30-Space 60-Circuit Indoor Main Lug Plug-On Neutral Load Center, Tandem Breaker Panel","Solar panels","category","Likely miscategorised: listed under Solar panels but is an electrical load center"
"catalog-281","current-connected-eaton-brp30l200-200a-30-space-60-circuit-indoor-main-lug-plug-on-neutral-load-center-tandem-breaker-panel-281","Eaton BRP30L200 200A 30-Space 60-Circuit Indoor Main Lug Plug-On Neutral Load Center, Tandem Breaker Panel","Solar panels","thin or truncated source","manufacturerText is truncated mid-sentence (ground bar requirement)"
"catalog-282","current-connected-eco-worthy-48v-100ah-wall-mount-lithium-battery-with-conduit-box-bluetooth-and-wifi-internal-fire-extingu-282","ECO-WORTHY 48V 100Ah Wall-Mount Lithium Battery with Conduit Box, Bluetooth and WiFi, Internal Fire Extinguisher, LiFePO4 Energy Storage","Batteries","thin or truncated source","thin source: manufacturerText is only a placeholder ('Description in Payload.')"
"catalog-284","current-connected-eco-worthy-6-slot-battery-rack-for-eco-worthy-48v-server-rack-lithium-batteries-fits-cubix-100-and-cubix--284","ECO-WORTHY 6-Slot Battery Rack for ECO-WORTHY 48V Server Rack Lithium Batteries, Fits Cubix 100 and Cubix 100 Pro","Batteries","other","ratedOutputW 30000 reflects the busbar's inverter limit, not an output rating"
"catalog-285","current-connected-eco-worthy-cubix-100-pro-48v-100ah-server-rack-battery-5-12kwh-lifepo4-energy-storage-touchscreen-bluetoo-285","ECO-WORTHY Cubix 100 Pro 48V 100Ah Server Rack Battery, 5.12kWh LiFePO4 Energy Storage, Touchscreen, Bluetooth and WiFi","Batteries","thin or truncated source","manufacturerText is truncated at the compatibility section"
"catalog-286","current-connected-eco-worthy-cubix100-48v-100ah-lifepo4-server-rack-battery-ul-1973-and-ul-9540a-off-grid-or-on-grid-lithiu-286","ECO-WORTHY Cubix100 48V 100Ah LiFePO4 Server Rack Battery, UL 1973 and UL 9540A, Off-Grid or On-Grid Lithium Battery","Solar panels","category","Likely miscategorised: listed under Solar panels but is a battery"
"catalog-286","current-connected-eco-worthy-cubix100-48v-100ah-lifepo4-server-rack-battery-ul-1973-and-ul-9540a-off-grid-or-on-grid-lithiu-286","ECO-WORTHY Cubix100 48V 100Ah LiFePO4 Server Rack Battery, UL 1973 and UL 9540A, Off-Grid or On-Grid Lithium Battery","Solar panels","rating or data conflict","manufacturerText says six batteries give 30kWh, which does not match 6 x 5.12kWh"
"catalog-287","current-connected-eco-worthy-ec100-48v-100a-lithium-battery-charger-5-78kw-max-output-automatic-generator-start-and-stop-ne-287","ECO-WORTHY EC100 48V 100A Lithium Battery Charger, 5.78kW Max Output, Automatic Generator Start and Stop, NEMA L14-30 Plug and L5-30 Plug","Portable power","thin or truncated source","thin source: manufacturerText is only a placeholder ('Description in Payload')"
"catalog-287","current-connected-eco-worthy-ec100-48v-100a-lithium-battery-charger-5-78kw-max-output-automatic-generator-start-and-stop-ne-287","ECO-WORTHY EC100 48V 100A Lithium Battery Charger, 5.78kW Max Output, Automatic Generator Start and Stop, NEMA L14-30 Plug and L5-30 Plug","Portable power","category","Likely miscategorised: listed under Portable power but is a battery charger"
"catalog-288","current-connected-eco-worthy-powermega-314-48v-16kwh-lithium-battery-bluetooth-and-wifi-off-grid-lifepo4-battery-with-fire--288","ECO-WORTHY PowerMega 314 48V 16kWh Lithium Battery, Bluetooth and WiFi, Off-Grid LiFePO4 Battery with Fire Suppression","Solar panels","category","Likely miscategorised: listed under Solar panels but is a battery"
"catalog-288","current-connected-eco-worthy-powermega-314-48v-16kwh-lithium-battery-bluetooth-and-wifi-off-grid-lifepo4-battery-with-fire--288","ECO-WORTHY PowerMega 314 48V 16kWh Lithium Battery, Bluetooth and WiFi, Off-Grid LiFePO4 Battery with Fire Suppression","Solar panels","thin or truncated source","manufacturerText is truncated in the monitoring section"
"catalog-865","ecoflow-bluetti-elite-30-v2-glacier-blue-60w-865","BLUETTI Elite 30 V2 Glacier Blue +60W","Batteries","other","Brand listed as EcoFlow but product is BLUETTI"
"catalog-865","ecoflow-bluetti-elite-30-v2-glacier-blue-60w-865","BLUETTI Elite 30 V2 Glacier Blue +60W","Batteries","rating or data conflict","ratedOutputW 60 conflicts with 600W rated power in manufacturerText; neither figure used"
"catalog-865","ecoflow-bluetti-elite-30-v2-glacier-blue-60w-865","BLUETTI Elite 30 V2 Glacier Blue +60W","Batteries","other","manufacturerText capacity '5.288Wh' appears garbled"
"catalog-865","ecoflow-bluetti-elite-30-v2-glacier-blue-60w-865","BLUETTI Elite 30 V2 Glacier Blue +60W","Batteries","other","'+60W' add-on is not described in manufacturerText"
"catalog-865","ecoflow-bluetti-elite-30-v2-glacier-blue-60w-865","BLUETTI Elite 30 V2 Glacier Blue +60W","Batteries","category","Likely miscategorised: listed under Batteries but is a portable power station"
"catalog-869","ecoflow-bluetti-elite-30-v2-portable-power-station-600w-288wh-glacier-blue-869","BLUETTI Elite 30 V2 Portable Power Station | 600W 288Wh (Glacier Blue)","Portable power","other","Brand listed as EcoFlow but product is BLUETTI"
"catalog-869","ecoflow-bluetti-elite-30-v2-portable-power-station-600w-288wh-glacier-blue-869","BLUETTI Elite 30 V2 Portable Power Station | 600W 288Wh (Glacier Blue)","Portable power","rating or data conflict","capacityWh 288 conflicts with '5.288Wh' in manufacturerText; capacity not stated"
"catalog-556","ecoflow-delta-3-max-plus-2048wh-800w-alternator-charger-556","DELTA 3 Max Plus (2048Wh) + 800W Alternator Charger","Portable power","rating or data conflict","manufacturerText also describes the DELTA 3 Max (non-Plus) with different specs"
"catalog-556","ecoflow-delta-3-max-plus-2048wh-800w-alternator-charger-556","DELTA 3 Max Plus (2048Wh) + 800W Alternator Charger","Portable power","other","manufacturerText does not describe the 800W Alternator Charger"
"catalog-556","ecoflow-delta-3-max-plus-2048wh-800w-alternator-charger-556","DELTA 3 Max Plus (2048Wh) + 800W Alternator Charger","Portable power","other","ratedOutputW 800 reflects the alternator charger, not the power station"
"catalog-411","ecoflow-delta-3-plus-160w-solar-panel-411","DELTA 3 Plus + 160W Solar Panel","Solar panels","other","Name says 160W Solar Panel but manufacturerText describes a NextGen 220W Bifacial panel; panel wattage not stated"
"catalog-411","ecoflow-delta-3-plus-160w-solar-panel-411","DELTA 3 Plus + 160W Solar Panel","Solar panels","rating or data conflict","capacityWh 5000 is the maximum expanded capacity, not the base unit"
"catalog-412","ecoflow-delta-pro-delta-pro-smart-extra-battery-412","DELTA Pro + DELTA Pro Smart Extra Battery","Solar panels","category","Likely miscategorised: listed under Solar panels but is a power station and battery bundle"
"catalog-412","ecoflow-delta-pro-delta-pro-smart-extra-battery-412","DELTA Pro + DELTA Pro Smart Extra Battery","Solar panels","other","capacityWh 3600 reflects the DELTA Pro alone, not the bundle total"
"catalog-413","ecoflow-ecoflow-10kwh-power-kits-413","EcoFlow 10kWh Power Kits","Whole-home backup","rating or data conflict","ratedOutputW 4800 is the maximum solar input, not output"
"catalog-413","ecoflow-ecoflow-10kwh-power-kits-413","EcoFlow 10kWh Power Kits","Whole-home backup","other","manufacturerText does not list kit contents"
"catalog-572","ecoflow-ecoflow-110w-portable-solar-panel-refurbished-2-572","EcoFlow 110W Portable Solar Panel (Refurbished)*2","Solar panels","other","manufacturerText describes a single panel; listing name indicates two"
"catalog-565","ecoflow-ecoflow-125w-bifacial-modular-solar-panel-125w-250w-500w-kits-565","EcoFlow 125W Bifacial Modular Solar Panel (125W, 250W, 500W kits)","Solar panels","other","Listing covers several kit sizes; panel count per option not stated"
"catalog-577","ecoflow-ecoflow-15kwh-power-kits-577","EcoFlow 15kWh Power Kits","Whole-home backup","rating or data conflict","ratedOutputW 4800 is the maximum solar input, not output"
"catalog-577","ecoflow-ecoflow-15kwh-power-kits-577","EcoFlow 15kWh Power Kits","Whole-home backup","other","manufacturerText does not list kit contents"
"catalog-568","ecoflow-ecoflow-160w-portable-solar-panel-2-568","EcoFlow 160W Portable Solar Panel*2","Solar panels","other","manufacturerText describes a single panel; listing name indicates two"
"catalog-579","ecoflow-ecoflow-160w-solar-panel-costco-sale-579","EcoFlow 160W Solar Panel (Costco Sale)","Solar panels","other","Product name contains a retailer name; rename listing"
"catalog-579","ecoflow-ecoflow-160w-solar-panel-costco-sale-579","EcoFlow 160W Solar Panel (Costco Sale)","Solar panels","other","manufacturerText says IP67 while the other 160W listing says IP68"
"catalog-558","ecoflow-ecoflow-2-x-400w-portable-solar-panel-recommended-accessory-558","EcoFlow 2 x 400W Portable Solar Panel (Recommended Accessory)","Solar panels","other","manufacturerText describes a single panel; listing name indicates two"
"catalog-580","ecoflow-ecoflow-2-220w-bifacial-solar-panel-app-only-580","EcoFlow 2*220W Bifacial Solar Panel - App Only","Solar panels","other","Name includes 'App Only', which appears to be a sales channel note"
"catalog-569","ecoflow-ecoflow-2kwh-power-kits-569","EcoFlow 2kWh Power Kits","Whole-home backup","rating or data conflict","ratedOutputW 4800 is the maximum solar input, not output"
"catalog-569","ecoflow-ecoflow-2kwh-power-kits-569","EcoFlow 2kWh Power Kits","Whole-home backup","other","manufacturerText does not list kit contents"
"catalog-562","ecoflow-ecoflow-400w-portable-solar-panel-app-only-562","EcoFlow 400W Portable Solar Panel - APP Only","Solar panels","other","Name includes 'APP Only', which appears to be a sales channel note"
"catalog-553","ecoflow-ecoflow-400w-rigid-solar-panel-rigid-solar-mounting-feet-553","EcoFlow 400W Rigid Solar Panel + Rigid Solar Mounting Feet","Solar panels","other","Mounting feet named in the title are not described in manufacturerText"
"catalog-578","ecoflow-ecoflow-4kwh-power-kits-578","EcoFlow 4kWh Power Kits","Whole-home backup","rating or data conflict","ratedOutputW 4800 is the maximum solar input, not output"
"catalog-578","ecoflow-ecoflow-4kwh-power-kits-578","EcoFlow 4kWh Power Kits","Whole-home backup","other","manufacturerText does not list kit contents"
"catalog-570","ecoflow-ecoflow-50-amp-hub-570","EcoFlow 50 Amp Hub","Accessories","other","ratedOutputW 12000 applies only to the DELTA Pro Ultra configuration"
"catalog-554","ecoflow-ecoflow-500w-solar-kit-recommended-accessories-554","EcoFlow 500W Solar Kit (Recommended Accessories)","Whole-home backup","category","Likely miscategorised: listed under Whole-home backup but is a solar panel kit"
"catalog-554","ecoflow-ecoflow-500w-solar-kit-recommended-accessories-554","EcoFlow 500W Solar Kit (Recommended Accessories)","Whole-home backup","other","Panel count in the kit is not stated in manufacturerText"
"catalog-576","ecoflow-ecoflow-5kwh-lfp-battery-576","EcoFlow 5kWh LFP Battery","Batteries","other","manufacturerText expansion figure '6kWh/15kWh' is unclear"
"catalog-576","ecoflow-ecoflow-5kwh-lfp-battery-576","EcoFlow 5kWh LFP Battery","Batteries","other","Compatible host system is not named in manufacturerText"
"catalog-560","ecoflow-ecoflow-800w-alternator-charger-560","EcoFlow 800W Alternator Charger","Accessories","other","capacityWh 1000 is not a capacity rating; it comes from the '1kWh in 1.3 hours' claim"
"catalog-560","ecoflow-ecoflow-800w-alternator-charger-560","EcoFlow 800W Alternator Charger","Accessories","other","manufacturerText suggests a power station bundle, but the name lists the charger only"
"catalog-575","ecoflow-ecoflow-afci-box-575","EcoFlow AFCI Box","Solar panels","category","Likely miscategorised: listed under Solar panels but is an electrical accessory"
"catalog-415","ecoflow-ecoflow-delta-2-max-2-220w-portable-solar-panel-800w-alternator-charger-415","EcoFlow DELTA 2 Max + 2 × 220W Portable Solar Panel + 800W Alternator Charger","Solar panels","category","Likely miscategorised: listed under Solar panels but is a power station bundle"
"catalog-415","ecoflow-ecoflow-delta-2-max-2-220w-portable-solar-panel-800w-alternator-charger-415","EcoFlow DELTA 2 Max + 2 × 220W Portable Solar Panel + 800W Alternator Charger","Solar panels","rating or data conflict","capacityWh 6000 is the maximum expanded capacity, not the base unit"
"catalog-415","ecoflow-ecoflow-delta-2-max-2-220w-portable-solar-panel-800w-alternator-charger-415","EcoFlow DELTA 2 Max + 2 × 220W Portable Solar Panel + 800W Alternator Charger","Solar panels","other","manufacturerText does not describe the solar panels or alternator charger"
"catalog-559","ecoflow-ecoflow-delta-2-max-500w-alternator-charger-559","EcoFlow DELTA 2 Max + 500W Alternator Charger","Batteries","other","ratedOutputW 500 reflects the alternator charger, not the power station"
"catalog-559","ecoflow-ecoflow-delta-2-max-500w-alternator-charger-559","EcoFlow DELTA 2 Max + 500W Alternator Charger","Batteries","rating or data conflict","capacityWh 6000 is the maximum expanded capacity, not the base unit"
"catalog-559","ecoflow-ecoflow-delta-2-max-500w-alternator-charger-559","EcoFlow DELTA 2 Max + 500W Alternator Charger","Batteries","other","manufacturerText does not describe the 500W Alternator Charger"
"catalog-559","ecoflow-ecoflow-delta-2-max-500w-alternator-charger-559","EcoFlow DELTA 2 Max + 500W Alternator Charger","Batteries","category","Likely miscategorised: listed under Batteries but is a power station bundle"
"catalog-416","ecoflow-ecoflow-delta-2-max-500w-solar-kit-416","EcoFlow DELTA 2 Max + 500W Solar Kit","Batteries","other","ratedOutputW 500 reflects the solar kit, not the power station"
"catalog-416","ecoflow-ecoflow-delta-2-max-500w-solar-kit-416","EcoFlow DELTA 2 Max + 500W Solar Kit","Batteries","rating or data conflict","capacityWh 6000 is the maximum expanded capacity, not the base unit"
"catalog-416","ecoflow-ecoflow-delta-2-max-500w-solar-kit-416","EcoFlow DELTA 2 Max + 500W Solar Kit","Batteries","other","manufacturerText does not describe the 500W Solar Kit"
"catalog-416","ecoflow-ecoflow-delta-2-max-500w-solar-kit-416","EcoFlow DELTA 2 Max + 500W Solar Kit","Batteries","category","Likely miscategorised: listed under Batteries but is a power station bundle"
"catalog-417","ecoflow-ecoflow-delta-2-max-800w-alternator-charger-hand-truck-417","EcoFlow DELTA 2 MAX + 800W Alternator Charger + Hand Truck","Batteries","other","manufacturerText describes only the alternator charger, not the DELTA 2 Max or hand truck"
"catalog-417","ecoflow-ecoflow-delta-2-max-800w-alternator-charger-hand-truck-417","EcoFlow DELTA 2 MAX + 800W Alternator Charger + Hand Truck","Batteries","other","manufacturerText contains an expired 2024 promotion"
"catalog-417","ecoflow-ecoflow-delta-2-max-800w-alternator-charger-hand-truck-417","EcoFlow DELTA 2 MAX + 800W Alternator Charger + Hand Truck","Batteries","other","capacityWh 1000 is not supported; it comes from the '1kWh in 1.3 hours' claim"
"catalog-417","ecoflow-ecoflow-delta-2-max-800w-alternator-charger-hand-truck-417","EcoFlow DELTA 2 MAX + 800W Alternator Charger + Hand Truck","Batteries","category","Likely miscategorised: listed under Batteries but is a power station bundle"
"catalog-551","ecoflow-ecoflow-delta-2-max-portable-power-station-551","EcoFlow DELTA 2 Max Portable Power Station","Portable power","other","manufacturerText contains a pre-order note"
"catalog-551","ecoflow-ecoflow-delta-2-max-portable-power-station-551","EcoFlow DELTA 2 Max Portable Power Station","Portable power","other","ratedOutputW 3400 is the X-Boost figure, not rated output"
"catalog-551","ecoflow-ecoflow-delta-2-max-portable-power-station-551","EcoFlow DELTA 2 Max Portable Power Station","Portable power","rating or data conflict","capacityWh 6000 is the maximum expanded capacity, not the base unit"
"catalog-419","ecoflow-ecoflow-delta-2-max-portable-power-station-refurbished-419","EcoFlow DELTA 2 Max Portable Power Station (Refurbished)","Portable power","other","ratedOutputW 3400 is the X-Boost figure, not rated output"
"catalog-419","ecoflow-ecoflow-delta-2-max-portable-power-station-refurbished-419","EcoFlow DELTA 2 Max Portable Power Station (Refurbished)","Portable power","rating or data conflict","capacityWh 6000 is the maximum expanded capacity, not the base unit"
"catalog-420","ecoflow-ecoflow-delta-2-max-smart-extra-battery-420","EcoFlow DELTA 2 Max Smart Extra Battery","Portable power","rating or data conflict","capacityWh 6000 conflicts with the 2048Wh stated in manufacturerText; neither figure used"
"catalog-421","ecoflow-ecoflow-delta-2-max-smart-extra-battery-refurbished-421","EcoFlow DELTA 2 Max Smart Extra Battery (Refurbished)","Portable power","rating or data conflict","capacityWh 6000 appears to be the maximum expanded system figure, not this single battery (manufacturer text gives 2048Wh per battery and 6144Wh combined)."
"catalog-421","ecoflow-ecoflow-delta-2-max-smart-extra-battery-refurbished-421","EcoFlow DELTA 2 Max Smart Extra Battery (Refurbished)","Portable power","category","Category 'Portable power' likely miscategorised; this is an extra battery."
"catalog-422","ecoflow-ecoflow-delta-2-max-solar-generator-422","EcoFlow DELTA 2 Max Solar Generator","Solar panels","other","Panel wattage not stated in the name; manufacturer text references a 220W bifacial panel and is identical to catalog-424, so this may be a duplicate listing."
"catalog-422","ecoflow-ecoflow-delta-2-max-solar-generator-422","EcoFlow DELTA 2 Max Solar Generator","Solar panels","rating or data conflict","capacityWh 6000 unconfirmed; appears to be the maximum expanded figure, not the base unit."
"catalog-422","ecoflow-ecoflow-delta-2-max-solar-generator-422","EcoFlow DELTA 2 Max Solar Generator","Solar panels","category","Category 'Solar panels' likely miscategorised; this is a solar generator kit."
"catalog-422","ecoflow-ecoflow-delta-2-max-solar-generator-422","EcoFlow DELTA 2 Max Solar Generator","Solar panels","other","Source text contained a pre-order note, omitted."
"catalog-423","ecoflow-ecoflow-delta-2-max-solar-generator-pv160w-423","EcoFlow DELTA 2 Max Solar Generator (PV160W)","Solar panels","rating or data conflict","capacityWh 6000 appears to be the maximum expanded figure, not the base unit."
"catalog-423","ecoflow-ecoflow-delta-2-max-solar-generator-pv160w-423","EcoFlow DELTA 2 Max Solar Generator (PV160W)","Solar panels","category","Category 'Solar panels' likely miscategorised; this is a solar generator kit."
"catalog-423","ecoflow-ecoflow-delta-2-max-solar-generator-pv160w-423","EcoFlow DELTA 2 Max Solar Generator (PV160W)","Solar panels","other","Number of panels included is not stated."
"catalog-424","ecoflow-ecoflow-delta-2-max-solar-generator-pv220w-424","EcoFlow DELTA 2 Max Solar Generator (PV220W)","Solar panels","rating or data conflict","capacityWh 6000 appears to be the maximum expanded figure, not the base unit."
"catalog-424","ecoflow-ecoflow-delta-2-max-solar-generator-pv220w-424","EcoFlow DELTA 2 Max Solar Generator (PV220W)","Solar panels","category","Category 'Solar panels' likely miscategorised; this is a solar generator kit."
"catalog-424","ecoflow-ecoflow-delta-2-max-solar-generator-pv220w-424","EcoFlow DELTA 2 Max Solar Generator (PV220W)","Solar panels","other","Number of panels included is not stated."
"catalog-425","ecoflow-ecoflow-delta-2-max-solar-generator-pv400w-425","EcoFlow DELTA 2 Max Solar Generator (PV400W)","Solar panels","rating or data conflict","capacityWh 6000 appears to be the maximum expanded figure, not the base unit."
"catalog-425","ecoflow-ecoflow-delta-2-max-solar-generator-pv400w-425","EcoFlow DELTA 2 Max Solar Generator (PV400W)","Solar panels","category","Category 'Solar panels' likely miscategorised; this is a solar generator kit."
"catalog-425","ecoflow-ecoflow-delta-2-max-solar-generator-pv400w-425","EcoFlow DELTA 2 Max Solar Generator (PV400W)","Solar panels","other","Number of panels included is not stated."
"catalog-426","ecoflow-ecoflow-delta-3-800w-alternator-charger-426","EcoFlow DELTA 3 + 800W Alternator Charger","Batteries","thin or truncated source","thin source"
"catalog-426","ecoflow-ecoflow-delta-3-800w-alternator-charger-426","EcoFlow DELTA 3 + 800W Alternator Charger","Batteries","other","Manufacturer text appears to describe the DELTA Pro (3600W-7200W output, 6500W MultiCharge, EV station charging), not the DELTA 3; specs not used."
"catalog-426","ecoflow-ecoflow-delta-3-800w-alternator-charger-426","EcoFlow DELTA 3 + 800W Alternator Charger","Batteries","category","Category 'Batteries' may be miscategorised; this is a power station bundle."
"catalog-427","ecoflow-ecoflow-delta-3-1500-solar-generator-427","EcoFlow DELTA 3 1500 Solar Generator","Portable power","other","Solar panel and kit contents not described in manufacturer text."
"catalog-427","ecoflow-ecoflow-delta-3-1500-solar-generator-427","EcoFlow DELTA 3 1500 Solar Generator","Portable power","other","Meaning of '1500' in the product name is not explained in the source."
"catalog-552","ecoflow-ecoflow-delta-3-classic-portable-power-station-1024wh-subscriber-exclusive-552","EcoFlow DELTA 3 Classic Portable Power Station (1024Wh) - Subscriber Exclusive","Portable power","rating or data conflict","Duplicate of catalog-428 with a 'Subscriber Exclusive' promotional label in the name; no product difference described. Consider merging or renaming."
"catalog-429","ecoflow-ecoflow-delta-3-classic-solar-generator-429","EcoFlow DELTA 3 Classic Solar Generator","Home integration","other","Solar panel wattage and quantity not stated."
"catalog-429","ecoflow-ecoflow-delta-3-classic-solar-generator-429","EcoFlow DELTA 3 Classic Solar Generator","Home integration","category","Category 'Home integration' likely miscategorised; this is a solar generator kit."
"catalog-430","ecoflow-ecoflow-delta-3-max-plus-2048wh-smart-extra-battery-app-only-430","EcoFlow DELTA 3 Max Plus (2048Wh) Smart Extra Battery-APP Only","Batteries","other","Meaning of 'APP Only' in the product name is not explained in the source."
"catalog-431","ecoflow-ecoflow-delta-3-max-plus-portable-power-station-2048wh-431","EcoFlow DELTA 3 Max Plus Portable Power Station (2048Wh)","Accessories","rating or data conflict","capacityWh 10000 conflicts with the 2048Wh in the product name; 10kWh appears to be the maximum expanded capacity."
"catalog-431","ecoflow-ecoflow-delta-3-max-plus-portable-power-station-2048wh-431","EcoFlow DELTA 3 Max Plus Portable Power Station (2048Wh)","Accessories","category","Category 'Accessories' likely miscategorised; this is a portable power station."
"catalog-431","ecoflow-ecoflow-delta-3-max-plus-portable-power-station-2048wh-431","EcoFlow DELTA 3 Max Plus Portable Power Station (2048Wh)","Accessories","other","Manufacturer notes an adapter is required to connect the 800W Alternator Charger."
"catalog-432","ecoflow-ecoflow-delta-3-max-plus-solar-generator-432","EcoFlow DELTA 3 Max Plus Solar Generator","Home integration","other","Manufacturer text describes both DELTA 3 Max Plus and DELTA 3 Max, so the unit in the kit is ambiguous."
"catalog-432","ecoflow-ecoflow-delta-3-max-plus-solar-generator-432","EcoFlow DELTA 3 Max Plus Solar Generator","Home integration","other","Panel wattage and quantity not stated."
"catalog-432","ecoflow-ecoflow-delta-3-max-plus-solar-generator-432","EcoFlow DELTA 3 Max Plus Solar Generator","Home integration","rating or data conflict","capacityWh 10000 unconfirmed; appears to be the maximum expanded figure."
"catalog-432","ecoflow-ecoflow-delta-3-max-plus-solar-generator-432","EcoFlow DELTA 3 Max Plus Solar Generator","Home integration","category","Category 'Home integration' likely miscategorised."
"catalog-432","ecoflow-ecoflow-delta-3-max-plus-solar-generator-432","EcoFlow DELTA 3 Max Plus Solar Generator","Home integration","other","Source text contained a pre-order note, omitted."
"catalog-434","ecoflow-ecoflow-delta-3-max-series-solar-generator-pv220w-434","EcoFlow DELTA 3 Max Series Solar Generator (PV220W)","Portable power","other","Manufacturer text covers both DELTA 3 Max Plus and DELTA 3 Max; which unit is in this kit is not stated."
"catalog-434","ecoflow-ecoflow-delta-3-max-series-solar-generator-pv220w-434","EcoFlow DELTA 3 Max Series Solar Generator (PV220W)","Portable power","other","ratedOutputW 220 refers to the panel, not the power station output."
"catalog-434","ecoflow-ecoflow-delta-3-max-series-solar-generator-pv220w-434","EcoFlow DELTA 3 Max Series Solar Generator (PV220W)","Portable power","rating or data conflict","capacityWh 10000 appears to be the maximum expanded figure for DELTA 3 Max Plus."
"catalog-435","ecoflow-ecoflow-delta-3-max-solar-generator-435","EcoFlow DELTA 3 Max Solar Generator","Portable power","rating or data conflict","capacityWh 2000 conflicts with the 2048Wh in manufacturer text; capacity figure omitted."
"catalog-435","ecoflow-ecoflow-delta-3-max-solar-generator-435","EcoFlow DELTA 3 Max Solar Generator","Portable power","other","Solar panel wattage and quantity not described."
"catalog-436","ecoflow-ecoflow-delta-3-plus-160w-portable-solar-panel-800w-alternator-charger-436","EcoFlow DELTA 3 Plus + 160W Portable Solar Panel + 800W Alternator Charger","Solar panels","thin or truncated source","thin source"
"catalog-436","ecoflow-ecoflow-delta-3-plus-160w-portable-solar-panel-800w-alternator-charger-436","EcoFlow DELTA 3 Plus + 160W Portable Solar Panel + 800W Alternator Charger","Solar panels","other","Manufacturer text appears to describe the DELTA Pro (3600W-7200W output, 6500W MultiCharge, EV station charging), not the DELTA 3 Plus; specs not used."
"catalog-436","ecoflow-ecoflow-delta-3-plus-160w-portable-solar-panel-800w-alternator-charger-436","EcoFlow DELTA 3 Plus + 160W Portable Solar Panel + 800W Alternator Charger","Solar panels","category","Category 'Solar panels' may be miscategorised; this is a multi-item bundle."
"catalog-437","ecoflow-ecoflow-delta-3-plus-rapid-magnetic-power-bank-5000mah-437","EcoFlow DELTA 3 Plus + RAPID Magnetic Power Bank (5000mAh)","Portable power","other","capacityWh 5000 likely conflates the 5000mAh power bank or 5kWh expansion ceiling; capacity figure not used."
"catalog-437","ecoflow-ecoflow-delta-3-plus-rapid-magnetic-power-bank-5000mah-437","EcoFlow DELTA 3 Plus + RAPID Magnetic Power Bank (5000mAh)","Portable power","other","Manufacturer text does not describe the RAPID Magnetic Power Bank."
"catalog-438","ecoflow-ecoflow-delta-3-plus-portable-power-station-438","EcoFlow DELTA 3 Plus Portable Power Station","Accessories","category","Category 'Accessories' likely miscategorised; this is a portable power station."
"catalog-438","ecoflow-ecoflow-delta-3-plus-portable-power-station-438","EcoFlow DELTA 3 Plus Portable Power Station","Accessories","other","Manufacturer text says expansion is 'via an Alternator Charger XT150 Output Cable', which is unclear; verify."
"catalog-438","ecoflow-ecoflow-delta-3-plus-portable-power-station-438","EcoFlow DELTA 3 Plus Portable Power Station","Accessories","rating or data conflict","capacityWh 5000 appears to be the maximum expanded figure."
"catalog-439","ecoflow-ecoflow-delta-3-plus-portable-power-station-refurbished-439","EcoFlow DELTA 3 Plus Portable Power Station (Refurbished)","Portable power","rating or data conflict","capacityWh 5000 appears to be the maximum expanded figure."
"catalog-440","ecoflow-ecoflow-delta-3-plus-solar-generator-440","EcoFlow DELTA 3 Plus Solar Generator","Solar panels","category","Category 'Solar panels' likely miscategorised; this is a solar generator kit."
"catalog-440","ecoflow-ecoflow-delta-3-plus-solar-generator-440","EcoFlow DELTA 3 Plus Solar Generator","Solar panels","rating or data conflict","capacityWh 5000 appears to be the maximum expanded figure."
"catalog-440","ecoflow-ecoflow-delta-3-plus-solar-generator-440","EcoFlow DELTA 3 Plus Solar Generator","Solar panels","other","Source text contained a shipping note, omitted."
"catalog-442","ecoflow-ecoflow-delta-3-series-solar-generator-pv110w-442","EcoFlow DELTA 3 Series Solar Generator (PV110W)","Solar panels","other","Manufacturer text refers to 'DELTA 3 Plus/DELTA 3'; which unit is in this kit is not stated."
"catalog-442","ecoflow-ecoflow-delta-3-series-solar-generator-pv110w-442","EcoFlow DELTA 3 Series Solar Generator (PV110W)","Solar panels","category","Category 'Solar panels' likely miscategorised; this is a solar generator kit."
"catalog-442","ecoflow-ecoflow-delta-3-series-solar-generator-pv110w-442","EcoFlow DELTA 3 Series Solar Generator (PV110W)","Solar panels","rating or data conflict","capacityWh 5000 appears to be the maximum expanded figure."
"catalog-443","ecoflow-ecoflow-delta-3-series-solar-generator-pv400w-443","EcoFlow DELTA 3 Series Solar Generator (PV400W)","Solar panels","other","Which DELTA 3 series unit is in this kit is not stated."
"catalog-443","ecoflow-ecoflow-delta-3-series-solar-generator-pv400w-443","EcoFlow DELTA 3 Series Solar Generator (PV400W)","Solar panels","category","Category 'Solar panels' likely miscategorised; this is a solar generator kit."
"catalog-443","ecoflow-ecoflow-delta-3-series-solar-generator-pv400w-443","EcoFlow DELTA 3 Series Solar Generator (PV400W)","Solar panels","rating or data conflict","capacityWh 5000 appears to be the maximum expanded figure."
"catalog-444","ecoflow-ecoflow-delta-3-solar-generator-444","EcoFlow DELTA 3 Solar Generator","Portable power","other","Solar panel and kit contents not described in manufacturer text."
"catalog-444","ecoflow-ecoflow-delta-3-solar-generator-444","EcoFlow DELTA 3 Solar Generator","Portable power","other","Manufacturer text is identical to DELTA 3 Plus listings; verify it applies to DELTA 3."
"catalog-444","ecoflow-ecoflow-delta-3-solar-generator-444","EcoFlow DELTA 3 Solar Generator","Portable power","rating or data conflict","capacityWh 5000 appears to be the maximum expanded figure."
"catalog-561","ecoflow-ecoflow-delta-3-solar-kit-561","EcoFlow DELTA 3 Solar Kit","Whole-home backup","other","Kit contents not described in manufacturer text; text is identical to catalog-444."
"catalog-561","ecoflow-ecoflow-delta-3-solar-kit-561","EcoFlow DELTA 3 Solar Kit","Whole-home backup","category","Category 'Whole-home backup' likely miscategorised for a 1800W portable kit."
"catalog-561","ecoflow-ecoflow-delta-3-solar-kit-561","EcoFlow DELTA 3 Solar Kit","Whole-home backup","rating or data conflict","capacityWh 5000 appears to be the maximum expanded figure."
"catalog-445","ecoflow-ecoflow-delta-3-ultra-plus-portable-power-station-3072wh-445","EcoFlow DELTA 3 Ultra Plus Portable Power Station (3072Wh)","Home integration","rating or data conflict","capacityWh 11000 is the maximum expanded figure; the unit itself is 3072Wh per the name."
"catalog-445","ecoflow-ecoflow-delta-3-ultra-plus-portable-power-station-3072wh-445","EcoFlow DELTA 3 Ultra Plus Portable Power Station (3072Wh)","Home integration","category","Category 'Home integration' may be miscategorised; this is a portable power station."
"catalog-446","ecoflow-ecoflow-delta-3-ultra-plus-portable-power-station-3072wh-refurbished-446","EcoFlow DELTA 3 Ultra Plus Portable Power Station (3072Wh) (Refurbished)","Home integration","rating or data conflict","capacityWh 11000 is the maximum expanded figure; the unit itself is 3072Wh per the name."
"catalog-446","ecoflow-ecoflow-delta-3-ultra-plus-portable-power-station-3072wh-refurbished-446","EcoFlow DELTA 3 Ultra Plus Portable Power Station (3072Wh) (Refurbished)","Home integration","category","Category 'Home integration' may be miscategorised."
"catalog-447","ecoflow-ecoflow-delta-3-ultra-plus-solar-generator-3072wh-447","EcoFlow DELTA 3 Ultra Plus Solar Generator (3072Wh)","Home integration","other","Solar panel wattage and quantity not described."
"catalog-447","ecoflow-ecoflow-delta-3-ultra-plus-solar-generator-3072wh-447","EcoFlow DELTA 3 Ultra Plus Solar Generator (3072Wh)","Home integration","rating or data conflict","capacityWh 11000 is the maximum expanded figure; the unit itself is 3072Wh per the name."
"catalog-448","ecoflow-ecoflow-delta-3-ultra-portable-power-station-3072wh-448","EcoFlow DELTA 3 Ultra Portable Power Station (3072Wh)","Home integration","category","Category 'Home integration' may be miscategorised; this is a portable power station."
"catalog-449","ecoflow-ecoflow-delta-3-ultra-portable-power-station-3072wh-refurbished-449","EcoFlow DELTA 3 Ultra Portable Power Station (3072Wh) (Refurbished)","Home integration","category","Category 'Home integration' may be miscategorised."
"catalog-450","ecoflow-ecoflow-delta-3-ultra-solar-generator-3072wh-450","EcoFlow DELTA 3 Ultra Solar Generator (3072Wh)","Home integration","other","Solar panel wattage, quantity and solar input not described in manufacturer text."
"catalog-452","ecoflow-ecoflow-delta-mini-portable-power-station-slickdeals-452","EcoFlow DELTA mini Portable Power Station (Slickdeals)","Portable power","other","Product name contains a third-party deal site label ('Slickdeals'); recommend renaming the listing."
"catalog-453","ecoflow-ecoflow-delta-portable-power-station-refurbished-453","EcoFlow DELTA Portable Power Station (Refurbished)","Whole-home backup","category","Category 'Whole-home backup' likely miscategorised for a 1800W portable unit."
"catalog-453","ecoflow-ecoflow-delta-portable-power-station-refurbished-453","EcoFlow DELTA Portable Power Station (Refurbished)","Whole-home backup","other","Source notes the item applies to US orders only (except Alaska and the Virgin Islands); omitted from copy."
"catalog-454","ecoflow-ecoflow-delta-pro-3-smart-generator-4000-dual-fuel-app-only-454","EcoFlow DELTA Pro 3 + Smart Generator 4000 (Dual Fuel) - APP Only","Portable power","other","Manufacturer text describes only the Smart Generator 4000; DELTA Pro 3 specs not provided."
"catalog-454","ecoflow-ecoflow-delta-pro-3-smart-generator-4000-dual-fuel-app-only-454","EcoFlow DELTA Pro 3 + Smart Generator 4000 (Dual Fuel) - APP Only","Portable power","other","Meaning of 'APP Only' in the product name is not explained."
"catalog-566","ecoflow-ecoflow-delta-pro-3-smart-home-panel-2-566","EcoFlow DELTA Pro 3 + Smart Home Panel 2","Solar panels","thin or truncated source","thin source"
"catalog-566","ecoflow-ecoflow-delta-pro-3-smart-home-panel-2-566","EcoFlow DELTA Pro 3 + Smart Home Panel 2","Solar panels","other","DELTA Pro 3 specs not described in manufacturer text."
"catalog-566","ecoflow-ecoflow-delta-pro-3-smart-home-panel-2-566","EcoFlow DELTA Pro 3 + Smart Home Panel 2","Solar panels","category","Category 'Solar panels' likely miscategorised."
"catalog-455","ecoflow-ecoflow-delta-pro-3-portable-power-station-refurbished-455","EcoFlow DELTA Pro 3 Portable Power Station (Refurbished)","Solar panels","category","Category 'Solar panels' likely miscategorised."
"catalog-455","ecoflow-ecoflow-delta-pro-3-portable-power-station-refurbished-455","EcoFlow DELTA Pro 3 Portable Power Station (Refurbished)","Solar panels","rating or data conflict","capacityWh 48000 is the maximum expanded figure."
"catalog-455","ecoflow-ecoflow-delta-pro-3-portable-power-station-refurbished-455","EcoFlow DELTA Pro 3 Portable Power Station (Refurbished)","Solar panels","other","Source note about installation of Smart Home Panel 2 omitted."
"catalog-456","ecoflow-ecoflow-delta-pro-3-portable-power-station-ul9540-certificated-456","EcoFlow DELTA Pro 3 Portable Power Station (UL9540 Certificated)","Solar panels","other","UL9540 certification appears only in the product name, not in manufacturer text; verify."
"catalog-456","ecoflow-ecoflow-delta-pro-3-portable-power-station-ul9540-certificated-456","EcoFlow DELTA Pro 3 Portable Power Station (UL9540 Certificated)","Solar panels","category","Category 'Solar panels' likely miscategorised."
"catalog-456","ecoflow-ecoflow-delta-pro-3-portable-power-station-ul9540-certificated-456","EcoFlow DELTA Pro 3 Portable Power Station (UL9540 Certificated)","Solar panels","rating or data conflict","capacityWh 48000 is the maximum expanded figure."
"catalog-458","ecoflow-ecoflow-delta-pro-3-smart-extra-battery-refurbished-458","EcoFlow DELTA Pro 3 Smart Extra Battery (Refurbished)","Batteries","other","Manufacturer text mentions both 'DELTA Pro 3' and 'DELTA Pro Smart Extra Battery' compatibility; verify compatibility."
"catalog-458","ecoflow-ecoflow-delta-pro-3-smart-extra-battery-refurbished-458","EcoFlow DELTA Pro 3 Smart Extra Battery (Refurbished)","Batteries","other","capacityWh 12000 is an expansion figure, not this single battery."
"catalog-459","ecoflow-ecoflow-delta-pro-3-solar-generator-459","EcoFlow DELTA Pro 3 Solar Generator","Solar panels","other","Solar panel wattage and quantity not described."
"catalog-459","ecoflow-ecoflow-delta-pro-3-solar-generator-459","EcoFlow DELTA Pro 3 Solar Generator","Solar panels","category","Category 'Solar panels' likely miscategorised."
"catalog-459","ecoflow-ecoflow-delta-pro-3-solar-generator-459","EcoFlow DELTA Pro 3 Solar Generator","Solar panels","rating or data conflict","capacityWh 48000 is the maximum expanded figure."
"catalog-460","ecoflow-ecoflow-delta-pro-3-whole-home-power-kit-460","EcoFlow DELTA Pro 3 Whole-Home Power Kit","Solar panels","other","Kit contents not listed in manufacturer text."
"catalog-460","ecoflow-ecoflow-delta-pro-3-whole-home-power-kit-460","EcoFlow DELTA Pro 3 Whole-Home Power Kit","Solar panels","category","Category 'Solar panels' likely miscategorised."
"catalog-461","ecoflow-ecoflow-delta-pro-portable-power-station-461","EcoFlow DELTA Pro Portable Power Station","Accessories","category","Category 'Accessories' likely miscategorised."
"catalog-461","ecoflow-ecoflow-delta-pro-portable-power-station-461","EcoFlow DELTA Pro Portable Power Station","Accessories","rating or data conflict","capacityWh 25000 is the maximum expanded figure."
"catalog-461","ecoflow-ecoflow-delta-pro-portable-power-station-461","EcoFlow DELTA Pro Portable Power Station","Accessories","other","Manufacturer notes an adapter is required to connect the Alternator Charger."
"catalog-462","ecoflow-ecoflow-delta-pro-portable-power-station-refurbished-462","EcoFlow DELTA Pro Portable Power Station (Refurbished)","Solar panels","category","Category 'Solar panels' likely miscategorised."
"catalog-463","ecoflow-ecoflow-delta-pro-smart-extra-battery-463","EcoFlow DELTA Pro Smart Extra Battery","Portable power","other","Manufacturer text gives both 3-10kWh and 10.8kWh for the expanded system; figures omitted."
"catalog-463","ecoflow-ecoflow-delta-pro-smart-extra-battery-463","EcoFlow DELTA Pro Smart Extra Battery","Portable power","other","capacityWh 10000 is an expansion figure, not this single battery."
"catalog-463","ecoflow-ecoflow-delta-pro-smart-extra-battery-463","EcoFlow DELTA Pro Smart Extra Battery","Portable power","category","Category 'Portable power' likely miscategorised; this is an extra battery."
"catalog-464","ecoflow-ecoflow-delta-pro-smart-extra-battery-refurbished-464","EcoFlow DELTA Pro Smart Extra Battery (Refurbished)","Portable power","other","capacityWh 10800 matches the total for DELTA Pro plus two Extra Batteries, not this single battery; capacity figures omitted"
"catalog-464","ecoflow-ecoflow-delta-pro-smart-extra-battery-refurbished-464","EcoFlow DELTA Pro Smart Extra Battery (Refurbished)","Portable power","other","ratingConfirmedByName false"
"catalog-555","ecoflow-ecoflow-delta-pro-solar-generator-555","EcoFlow DELTA Pro Solar Generator","Portable power","other","name says Solar Generator but source text does not describe any solar panel in the bundle"
"catalog-555","ecoflow-ecoflow-delta-pro-solar-generator-555","EcoFlow DELTA Pro Solar Generator","Portable power","rating or data conflict","capacityWh 25000 is the maximum expanded capacity, not the base unit"
"catalog-555","ecoflow-ecoflow-delta-pro-solar-generator-555","EcoFlow DELTA Pro Solar Generator","Portable power","other","ratingConfirmedByName false"
"catalog-465","ecoflow-ecoflow-delta-pro-solar-generator-pv400w-465","EcoFlow DELTA Pro Solar Generator (PV400W)","Solar panels","other","capacityWh 9300 is the daily solar generation figure for three panels, not battery capacity; figure omitted"
"catalog-465","ecoflow-ecoflow-delta-pro-solar-generator-pv400w-465","EcoFlow DELTA Pro Solar Generator (PV400W)","Solar panels","other","number of panels in this listing is unclear (name says PV400W, text references 3 panels)"
"catalog-465","ecoflow-ecoflow-delta-pro-solar-generator-pv400w-465","EcoFlow DELTA Pro Solar Generator (PV400W)","Solar panels","category","category Solar panels likely miscategorised; this is a power station bundle"
"catalog-466","ecoflow-ecoflow-delta-pro-ultra-delta-pro-ultra-extra-battery-1-inverter-2-batteries-466","EcoFlow DELTA Pro Ultra + DELTA Pro Ultra Extra Battery (1 × Inverter + 2 × Batteries)","Batteries","rating or data conflict","ratedOutputW and capacityWh reflect system figures; capacityWh 90000 is the 3-inverter, 15-battery maximum, not this bundle"
"catalog-466","ecoflow-ecoflow-delta-pro-ultra-delta-pro-ultra-extra-battery-1-inverter-2-batteries-466","EcoFlow DELTA Pro Ultra + DELTA Pro Ultra Extra Battery (1 × Inverter + 2 × Batteries)","Batteries","other","source does not state per-battery capacity for this bundle"
"catalog-466","ecoflow-ecoflow-delta-pro-ultra-delta-pro-ultra-extra-battery-1-inverter-2-batteries-466","EcoFlow DELTA Pro Ultra + DELTA Pro Ultra Extra Battery (1 × Inverter + 2 × Batteries)","Batteries","other","ratingConfirmedByName false"
"catalog-467","ecoflow-ecoflow-delta-pro-ultra-smart-home-panel-2-400w-portable-solar-panel-web-exclusive-467","EcoFlow DELTA Pro Ultra + Smart Home Panel 2 + 400W Portable Solar Panel (Web Exclusive)","Solar panels","rating or data conflict","capacityWh 90000 is the maximum expanded system capacity, not this bundle"
"catalog-467","ecoflow-ecoflow-delta-pro-ultra-smart-home-panel-2-400w-portable-solar-panel-web-exclusive-467","EcoFlow DELTA Pro Ultra + Smart Home Panel 2 + 400W Portable Solar Panel (Web Exclusive)","Solar panels","other","400W panel is not described in the source text"
"catalog-467","ecoflow-ecoflow-delta-pro-ultra-smart-home-panel-2-400w-portable-solar-panel-web-exclusive-467","EcoFlow DELTA Pro Ultra + Smart Home Panel 2 + 400W Portable Solar Panel (Web Exclusive)","Solar panels","category","category Solar panels likely miscategorised"
"catalog-467","ecoflow-ecoflow-delta-pro-ultra-smart-home-panel-2-400w-portable-solar-panel-web-exclusive-467","EcoFlow DELTA Pro Ultra + Smart Home Panel 2 + 400W Portable Solar Panel (Web Exclusive)","Solar panels","other","'Web Exclusive' in name is a sales label"
"catalog-468","ecoflow-ecoflow-delta-pro-ultra-smart-home-panel-2-400w-portable-solar-panel-free-monitor-web-exclusive-468","EcoFlow DELTA Pro Ultra + Smart Home Panel 2 + 400W Portable Solar Panel + Free Monitor (Web Exclusive)","Solar panels","other","monitor named in title is not described in source text"
"catalog-468","ecoflow-ecoflow-delta-pro-ultra-smart-home-panel-2-400w-portable-solar-panel-free-monitor-web-exclusive-468","EcoFlow DELTA Pro Ultra + Smart Home Panel 2 + 400W Portable Solar Panel + Free Monitor (Web Exclusive)","Solar panels","other","'Free' and 'Web Exclusive' in name are promotional labels"
"catalog-468","ecoflow-ecoflow-delta-pro-ultra-smart-home-panel-2-400w-portable-solar-panel-free-monitor-web-exclusive-468","EcoFlow DELTA Pro Ultra + Smart Home Panel 2 + 400W Portable Solar Panel + Free Monitor (Web Exclusive)","Solar panels","rating or data conflict","capacityWh 90000 is the maximum expanded system capacity"
"catalog-468","ecoflow-ecoflow-delta-pro-ultra-smart-home-panel-2-400w-portable-solar-panel-free-monitor-web-exclusive-468","EcoFlow DELTA Pro Ultra + Smart Home Panel 2 + 400W Portable Solar Panel + Free Monitor (Web Exclusive)","Solar panels","category","category Solar panels likely miscategorised"
"catalog-469","ecoflow-ecoflow-delta-pro-ultra-accessories-special-469","EcoFlow DELTA Pro Ultra Accessories - Special","Batteries","other","product name is vague; source text describes a DELTA Pro Ultra battery"
"catalog-469","ecoflow-ecoflow-delta-pro-ultra-accessories-special-469","EcoFlow DELTA Pro Ultra Accessories - Special","Batteries","other","ratingConfirmedByName false"
"catalog-470","ecoflow-ecoflow-delta-pro-ultra-battery-refurbished-470","EcoFlow DELTA Pro Ultra Battery (Refurbished)","Batteries","other","ratingConfirmedByName false"
"catalog-471","ecoflow-ecoflow-delta-pro-ultra-intelligent-kit-471","EcoFlow DELTA Pro Ultra Intelligent Kit","Solar panels","other","kit contents not specified in source text"
"catalog-471","ecoflow-ecoflow-delta-pro-ultra-intelligent-kit-471","EcoFlow DELTA Pro Ultra Intelligent Kit","Solar panels","rating or data conflict","capacityWh 90000 is the maximum expanded system capacity"
"catalog-471","ecoflow-ecoflow-delta-pro-ultra-intelligent-kit-471","EcoFlow DELTA Pro Ultra Intelligent Kit","Solar panels","category","category Solar panels likely miscategorised"
"catalog-571","ecoflow-ecoflow-delta-pro-ultra-inverter-571","EcoFlow DELTA Pro Ultra Inverter","Batteries","category","category Batteries likely miscategorised; this is an inverter"
"catalog-571","ecoflow-ecoflow-delta-pro-ultra-inverter-571","EcoFlow DELTA Pro Ultra Inverter","Batteries","other","ratingConfirmedByName false"
"catalog-474","ecoflow-ecoflow-delta-pro-ultra-series-smart-extra-battery-app-only-474","EcoFlow DELTA Pro Ultra Series Smart Extra Battery (App Only)","Batteries","other","'App Only' in name is unexplained"
"catalog-474","ecoflow-ecoflow-delta-pro-ultra-series-smart-extra-battery-app-only-474","EcoFlow DELTA Pro Ultra Series Smart Extra Battery (App Only)","Batteries","other","name says Series Smart Extra Battery but text describes the 6kWh DELTA Pro Ultra battery"
"catalog-474","ecoflow-ecoflow-delta-pro-ultra-series-smart-extra-battery-app-only-474","EcoFlow DELTA Pro Ultra Series Smart Extra Battery (App Only)","Batteries","other","ratingConfirmedByName false"
"catalog-563","ecoflow-ecoflow-delta-pro-ultra-solar-generator-pv400w-563","EcoFlow DELTA Pro Ultra Solar Generator (PV400W)","Solar panels","rating or data conflict","capacityWh 90000 is the maximum expanded system capacity, not this bundle"
"catalog-563","ecoflow-ecoflow-delta-pro-ultra-solar-generator-pv400w-563","EcoFlow DELTA Pro Ultra Solar Generator (PV400W)","Solar panels","category","category Solar panels likely miscategorised"
"catalog-564","ecoflow-ecoflow-delta-pro-ultra-whole-home-backup-power-special-564","EcoFlow DELTA Pro Ultra Whole-Home Backup Power - Special","Solar panels","other","package contents not specified in source text"
"catalog-564","ecoflow-ecoflow-delta-pro-ultra-whole-home-backup-power-special-564","EcoFlow DELTA Pro Ultra Whole-Home Backup Power - Special","Solar panels","rating or data conflict","capacityWh 90000 is the maximum expanded system capacity"
"catalog-564","ecoflow-ecoflow-delta-pro-ultra-whole-home-backup-power-special-564","EcoFlow DELTA Pro Ultra Whole-Home Backup Power - Special","Solar panels","category","category Solar panels likely miscategorised"
"catalog-550","ecoflow-ecoflow-delta-pro-ultra-whole-home-backup-power-ul-9540-certificated-550","EcoFlow DELTA Pro Ultra Whole-Home Backup Power (UL 9540 Certificated)","Solar panels","other","claim to be 'the only portable power station' with both certifications is unverifiable; omitted"
"catalog-550","ecoflow-ecoflow-delta-pro-ultra-whole-home-backup-power-ul-9540-certificated-550","EcoFlow DELTA Pro Ultra Whole-Home Backup Power (UL 9540 Certificated)","Solar panels","category","category Solar panels likely miscategorised"
"catalog-550","ecoflow-ecoflow-delta-pro-ultra-whole-home-backup-power-ul-9540-certificated-550","EcoFlow DELTA Pro Ultra Whole-Home Backup Power (UL 9540 Certificated)","Solar panels","other","ratingConfirmedByName false"
"catalog-557","ecoflow-ecoflow-delta-pro-ultra-x-inverter-557","EcoFlow DELTA Pro Ultra X Inverter","Home integration","other","solar input stated as '10kW-30W' in source, likely a typo; omitted"
"catalog-557","ecoflow-ecoflow-delta-pro-ultra-x-inverter-557","EcoFlow DELTA Pro Ultra X Inverter","Home integration","other","'Industry's Highest Safety Certification' is unverifiable; omitted"
"catalog-557","ecoflow-ecoflow-delta-pro-ultra-x-inverter-557","EcoFlow DELTA Pro Ultra X Inverter","Home integration","other","ratingConfirmedByName false"
"catalog-476","ecoflow-ecoflow-delta-pro-ultra-x-smart-transfer-kit-476","EcoFlow DELTA Pro Ultra X Smart Transfer Kit","Batteries","thin or truncated source","source text truncated mid-sentence ('with instant (')"
"catalog-476","ecoflow-ecoflow-delta-pro-ultra-x-smart-transfer-kit-476","EcoFlow DELTA Pro Ultra X Smart Transfer Kit","Batteries","other","savings claim of up to $6,000/year unverifiable; omitted"
"catalog-476","ecoflow-ecoflow-delta-pro-ultra-x-smart-transfer-kit-476","EcoFlow DELTA Pro Ultra X Smart Transfer Kit","Batteries","category","category Batteries likely miscategorised; this is a transfer kit"
"catalog-476","ecoflow-ecoflow-delta-pro-ultra-x-smart-transfer-kit-476","EcoFlow DELTA Pro Ultra X Smart Transfer Kit","Batteries","other","ratingConfirmedByName false"
"catalog-477","ecoflow-ecoflow-delta-pro-ultra-x-solar-generator-477","EcoFlow DELTA Pro Ultra X Solar Generator","Solar panels","other","savings claim of up to $6,000/year unverifiable; omitted"
"catalog-477","ecoflow-ecoflow-delta-pro-ultra-x-solar-generator-477","EcoFlow DELTA Pro Ultra X Solar Generator","Solar panels","other","source does not explicitly state the four panels are included"
"catalog-477","ecoflow-ecoflow-delta-pro-ultra-x-solar-generator-477","EcoFlow DELTA Pro Ultra X Solar Generator","Solar panels","other","ratingConfirmedByName false"
"catalog-478","ecoflow-ecoflow-delta-pro-ultra-x-whole-home-backup-power-478","EcoFlow DELTA Pro Ultra X Whole-Home Backup Power","Solar panels","other","exact bundle contents for this listing are not stated"
"catalog-478","ecoflow-ecoflow-delta-pro-ultra-x-whole-home-backup-power-478","EcoFlow DELTA Pro Ultra X Whole-Home Backup Power","Solar panels","rating or data conflict","capacityWh 180000 is the maximum expanded capacity"
"catalog-478","ecoflow-ecoflow-delta-pro-ultra-x-whole-home-backup-power-478","EcoFlow DELTA Pro Ultra X Whole-Home Backup Power","Solar panels","other","savings and ROI claims unverifiable; omitted"
"catalog-478","ecoflow-ecoflow-delta-pro-ultra-x-whole-home-backup-power-478","EcoFlow DELTA Pro Ultra X Whole-Home Backup Power","Solar panels","category","category Solar panels likely miscategorised"
"catalog-479","ecoflow-ecoflow-delta-pro-2-double-voltage-hub-transfer-switch-479","EcoFlow DELTA Pro*2 + Double Voltage Hub + Transfer Switch","Batteries","other","Double Voltage Hub and Transfer Switch are not described in source text"
"catalog-479","ecoflow-ecoflow-delta-pro-2-double-voltage-hub-transfer-switch-479","EcoFlow DELTA Pro*2 + Double Voltage Hub + Transfer Switch","Batteries","other","ratedOutputW and capacityWh reflect a single DELTA Pro, not this bundle"
"catalog-479","ecoflow-ecoflow-delta-pro-2-double-voltage-hub-transfer-switch-479","EcoFlow DELTA Pro*2 + Double Voltage Hub + Transfer Switch","Batteries","other","ratingConfirmedByName false"
"catalog-480","ecoflow-ecoflow-delta-solar-generator-pv-160w-480","EcoFlow DELTA Solar Generator (PV 160W)","Solar panels","rating or data conflict","capacityWh 2000 conflicts with source, which gives 2kWh to 2.5kWh as daily solar generation; figure omitted"
"catalog-480","ecoflow-ecoflow-delta-solar-generator-pv-160w-480","EcoFlow DELTA Solar Generator (PV 160W)","Solar panels","category","category Solar panels likely miscategorised"
"catalog-481","ecoflow-ecoflow-delta-solar-generator-pv-220w-481","EcoFlow DELTA Solar Generator (PV 220W)","Solar panels","category","category Solar panels likely miscategorised"
"catalog-482","ecoflow-ecoflow-delta-solar-generator-pv110w-482","EcoFlow DELTA Solar Generator (PV110W)","Portable power","thin or truncated source","thin source"
"catalog-482","ecoflow-ecoflow-delta-solar-generator-pv110w-482","EcoFlow DELTA Solar Generator (PV110W)","Portable power","other","ratedOutputW 110 appears to be the panel wattage from the name, not AC output (source says 1800W)"
"catalog-482","ecoflow-ecoflow-delta-solar-generator-pv110w-482","EcoFlow DELTA Solar Generator (PV110W)","Portable power","other","110W panel not described in source text"
"catalog-483","ecoflow-ecoflow-delta-1000-portable-power-station-refurbished-483","EcoFlow DELTA(1000) Portable Power Station (Refurbished)","Whole-home backup","other","name says DELTA(1000) while source gives 1260Wh capacity"
"catalog-483","ecoflow-ecoflow-delta-1000-portable-power-station-refurbished-483","EcoFlow DELTA(1000) Portable Power Station (Refurbished)","Whole-home backup","category","category Whole-home backup likely miscategorised; this is a portable power station"
"catalog-484","ecoflow-ecoflow-glacier-ecoflow-delta-2-max-484","EcoFlow GLACIER + EcoFlow DELTA 2 Max","Solar panels","rating or data conflict","capacityWh 6000 conflicts with source maximum of 6144Wh; capacity figure omitted"
"catalog-484","ecoflow-ecoflow-glacier-ecoflow-delta-2-max-484","EcoFlow GLACIER + EcoFlow DELTA 2 Max","Solar panels","other","GLACIER plug-in battery and wheels/lever are sold separately"
"catalog-484","ecoflow-ecoflow-glacier-ecoflow-delta-2-max-484","EcoFlow GLACIER + EcoFlow DELTA 2 Max","Solar panels","category","category Solar panels likely miscategorised"
"catalog-485","ecoflow-ecoflow-glacier-ecoflow-river-2-pro-485","EcoFlow GLACIER + EcoFlow RIVER 2 Pro","Solar panels","rating or data conflict","capacityWh 1800 conflicts with source, which gives 1.8kWh as daily solar yield; figure omitted"
"catalog-485","ecoflow-ecoflow-glacier-ecoflow-river-2-pro-485","EcoFlow GLACIER + EcoFlow RIVER 2 Pro","Solar panels","category","category Solar panels likely miscategorised"
"catalog-486","ecoflow-ecoflow-glacier-plug-in-battery-detachable-wheels-and-lever-486","EcoFlow GLACIER + Plug-in Battery + Detachable Wheels and Lever","Batteries","thin or truncated source","thin source"
"catalog-486","ecoflow-ecoflow-glacier-plug-in-battery-detachable-wheels-and-lever-486","EcoFlow GLACIER + Plug-in Battery + Detachable Wheels and Lever","Batteries","category","category Batteries likely miscategorised"
"catalog-487","ecoflow-ecoflow-glacier-classic-55l-portable-refrigerator-487","EcoFlow GLACIER Classic 55L Portable Refrigerator","Batteries","other","source does not state whether the 298Wh battery is included"
"catalog-487","ecoflow-ecoflow-glacier-classic-55l-portable-refrigerator-487","EcoFlow GLACIER Classic 55L Portable Refrigerator","Batteries","category","category Batteries likely miscategorised; this is a refrigerator"
"catalog-488","ecoflow-ecoflow-glacier-classic-portable-fridge-freezer-app-only-488","EcoFlow GLACIER Classic Portable Fridge Freezer - APP Only","Batteries","other","size not stated in name"
"catalog-488","ecoflow-ecoflow-glacier-classic-portable-fridge-freezer-app-only-488","EcoFlow GLACIER Classic Portable Fridge Freezer - APP Only","Batteries","other","'APP Only' in name is unexplained"
"catalog-488","ecoflow-ecoflow-glacier-classic-portable-fridge-freezer-app-only-488","EcoFlow GLACIER Classic Portable Fridge Freezer - APP Only","Batteries","other","source calls the battery 'built-in' here and 'plug-in' elsewhere"
"catalog-488","ecoflow-ecoflow-glacier-classic-portable-fridge-freezer-app-only-488","EcoFlow GLACIER Classic Portable Fridge Freezer - APP Only","Batteries","category","category Batteries likely miscategorised"
"catalog-489","ecoflow-ecoflow-glacier-plug-in-battery-wheels-and-lever-free-bag-app-only-489","EcoFlow GLACIER Plug-in Battery + Wheels and Lever + FREE Bag - APP Only","Batteries","other","bag named in title is not described in source text"
"catalog-489","ecoflow-ecoflow-glacier-plug-in-battery-wheels-and-lever-free-bag-app-only-489","EcoFlow GLACIER Plug-in Battery + Wheels and Lever + FREE Bag - APP Only","Batteries","other","'FREE' and 'APP Only' in name are promotional labels"
"catalog-489","ecoflow-ecoflow-glacier-plug-in-battery-wheels-and-lever-free-bag-app-only-489","EcoFlow GLACIER Plug-in Battery + Wheels and Lever + FREE Bag - APP Only","Batteries","other","source capacity, cycle life and kg weight are garbled (e.g. '2 98Wh'), so those figures were omitted"
"catalog-490","ecoflow-ecoflow-glacier-portable-refrigerator-refurbished-490","EcoFlow GLACIER Portable Refrigerator (Refurbished)","Batteries","category","category Batteries likely miscategorised; this is a refrigerator"
"catalog-491","ecoflow-ecoflow-glacier-portable-refrigerator-plug-in-battery-slickdeals-491","EcoFlow GLACIER Portable Refrigerator + Plug-in Battery (Slickdeals)","Batteries","other","name includes a third-party promotion label"
"catalog-491","ecoflow-ecoflow-glacier-portable-refrigerator-plug-in-battery-slickdeals-491","EcoFlow GLACIER Portable Refrigerator + Plug-in Battery (Slickdeals)","Batteries","other","name says Plug-in Battery is included but source says it is sold separately"
"catalog-491","ecoflow-ecoflow-glacier-portable-refrigerator-plug-in-battery-slickdeals-491","EcoFlow GLACIER Portable Refrigerator + Plug-in Battery (Slickdeals)","Batteries","category","category Batteries likely miscategorised"
"catalog-492","ecoflow-ecoflow-heatguard-solar-film-492","EcoFlow HeatGuard Solar Film","Portable power","other","heat insulation figure '10°C/50℉' is an inconsistent conversion; omitted"
"catalog-492","ecoflow-ecoflow-heatguard-solar-film-492","EcoFlow HeatGuard Solar Film","Portable power","category","category Portable power may be miscategorised; this is a solar product"
"catalog-493","ecoflow-ecoflow-home-backup-kit-transfer-switch-493","EcoFlow Home Backup Kit: Transfer Switch","Home integration","other","NEMA L14-30R to L14-30P generator cord is not supplied by the manufacturer and must be sourced separately"
"catalog-494","ecoflow-ecoflow-nextgen-220w-bifacial-portable-solar-panel-edm-only-494","EcoFlow NextGen 220W Bifacial Portable Solar Panel (EDM Only)","Solar panels","other","'EDM Only' in name is unexplained"
"catalog-496","ecoflow-ecoflow-power-kits-496","EcoFlow Power Kits","Whole-home backup","other","kit contents not specified in source text"
"catalog-496","ecoflow-ecoflow-power-kits-496","EcoFlow Power Kits","Whole-home backup","category","category Whole-home backup likely miscategorised; source describes a mobile/off-grid system"
"catalog-497","ecoflow-ecoflow-power-kits-power-hub-497","EcoFlow Power Kits Power Hub","Batteries","category","category Batteries likely miscategorised; this is a power hub"
"catalog-498","ecoflow-ecoflow-power-pulse-ev-charger-delta-pro-ultra-battery-498","EcoFlow Power Pulse EV Charger + DELTA Pro Ultra Battery","EV chargers","other","DELTA Pro Ultra Battery in the bundle is not described in source text"
"catalog-498","ecoflow-ecoflow-power-pulse-ev-charger-delta-pro-ultra-battery-498","EcoFlow Power Pulse EV Charger + DELTA Pro Ultra Battery","EV chargers","other","claims about permits and cost savings omitted as unverifiable"
"catalog-498","ecoflow-ecoflow-power-pulse-ev-charger-delta-pro-ultra-battery-498","EcoFlow Power Pulse EV Charger + DELTA Pro Ultra Battery","EV chargers","other","ratingConfirmedByName false"
"catalog-499","ecoflow-ecoflow-powerinsight-2-recommended-accessories-499","EcoFlow PowerInsight 2 (Recommended Accessories)","Home integration","thin or truncated source","thin source"
"catalog-500","ecoflow-ecoflow-powerinsight-home-energy-manager-recommend-accessory-500","EcoFlow PowerInsight Home Energy Manager (Recommend Accessory)","Portable power","category","category Portable power likely miscategorised; this is a home energy display"
"catalog-501","ecoflow-ecoflow-powerpulse-ev-charger-9-6kw-recommended-accessory-501","EcoFlow PowerPulse EV Charger (9.6kW) (Recommended Accessory)","EV chargers","other","claims about permits and cost savings omitted as unverifiable"
"catalog-502","ecoflow-ecoflow-rapid-pro-power-bank-rapid-mag-qi2-2-power-bank-140w-charger-502","EcoFlow RAPID Pro Power Bank + RAPID Mag Qi2.2 Power Bank + 140W Charger","Batteries","thin or truncated source","source text is truncated"
"catalog-502","ecoflow-ecoflow-rapid-pro-power-bank-rapid-mag-qi2-2-power-bank-140w-charger-502","EcoFlow RAPID Pro Power Bank + RAPID Mag Qi2.2 Power Bank + 140W Charger","Batteries","other","source also describes RAPID Pro X and its included items, which are not named in this listing"
"catalog-504","ecoflow-ecoflow-river-2-max-500-portable-power-station-504","EcoFlow RIVER 2 Max 500 Portable Power Station","Portable power","rating or data conflict","capacityWh 1500 conflicts with manufacturerText (499Wh capacity; 1.5kWh is daily solar yield); capacity omitted"
"catalog-504","ecoflow-ecoflow-river-2-max-500-portable-power-station-504","EcoFlow RIVER 2 Max 500 Portable Power Station","Portable power","other","Product name 'RIVER 2 Max 500' is unusual; verify model name"
"catalog-505","ecoflow-ecoflow-river-2-max-portable-power-station-505","EcoFlow RIVER 2 Max Portable Power Station","Portable power","other","manufacturerText gives no capacity or output figures"
"catalog-506","ecoflow-ecoflow-river-2-max-portable-power-station-refurbished-506","EcoFlow RIVER 2 Max Portable Power Station (Refurbished)","Portable power","other","manufacturerText gives no capacity or output figures"
"catalog-507","ecoflow-ecoflow-river-2-max-solar-generator-507","EcoFlow RIVER 2 Max Solar Generator","Solar panels","rating or data conflict","capacityWh 1200 conflicts with manufacturerText (1.2kWh is daily solar generation, not capacity); capacity omitted"
"catalog-507","ecoflow-ecoflow-river-2-max-solar-generator-507","EcoFlow RIVER 2 Max Solar Generator","Solar panels","category","Bundle of power station and panel is categorised as 'Solar panels'; likely miscategorised"
"catalog-507","ecoflow-ecoflow-river-2-max-solar-generator-507","EcoFlow RIVER 2 Max Solar Generator","Solar panels","other","manufacturerText does not say which component carries the IP68 rating"
"catalog-508","ecoflow-ecoflow-river-2-pro-portable-power-station-508","EcoFlow RIVER 2 Pro Portable Power Station","Portable power","rating or data conflict","capacityWh 1800 conflicts with manufacturerText (768Wh capacity; 1.8kWh is daily solar yield); capacity omitted"
"catalog-509","ecoflow-ecoflow-river-2-pro-portable-power-station-refurbished-509","EcoFlow RIVER 2 Pro Portable Power Station (Refurbished)","Portable power","rating or data conflict","capacityWh 1800 conflicts with manufacturerText (768Wh capacity; 1.8kWh is daily solar yield); capacity omitted"
"catalog-509","ecoflow-ecoflow-river-2-pro-portable-power-station-refurbished-509","EcoFlow RIVER 2 Pro Portable Power Station (Refurbished)","Portable power","rating or data conflict","Weight 7.8kg differs from new listing (18.2 lbs); verify"
"catalog-509","ecoflow-ecoflow-river-2-pro-portable-power-station-refurbished-509","EcoFlow RIVER 2 Pro Portable Power Station (Refurbished)","Portable power","other","Members-only purchase note in source omitted"
"catalog-510","ecoflow-ecoflow-river-3-plus-portable-power-station-510","EcoFlow RIVER 3 Plus Portable Power Station","Accessories","category","Categorised as 'Accessories' but is a portable power station; likely miscategorised"
"catalog-511","ecoflow-ecoflow-river-max-plus-portable-power-station-511","EcoFlow RIVER Max Plus Portable Power Station","Portable power","thin or truncated source","thin source"
"catalog-511","ecoflow-ecoflow-river-max-plus-portable-power-station-511","EcoFlow RIVER Max Plus Portable Power Station","Portable power","other","No capacity or output figures in manufacturerText"
"catalog-513","ecoflow-ecoflow-river-mini-standard-portable-power-station-costco-sale-513","EcoFlow RIVER mini (Standard) Portable Power Station (Costco Sale)","Portable power","other","Product name contains a retailer's name in 'Sale' suffix; rename listing"
"catalog-514","ecoflow-ecoflow-river-plus-portable-power-station-514","EcoFlow RIVER Plus Portable Power Station","Portable power","thin or truncated source","thin source"
"catalog-514","ecoflow-ecoflow-river-plus-portable-power-station-514","EcoFlow RIVER Plus Portable Power Station","Portable power","other","Listing colour not stated; check extra battery compatibility note for this unit"
"catalog-516","ecoflow-ecoflow-river-pro-160w-portable-solar-panel-slickdeals-516","EcoFlow RIVER Pro + 160W Portable Solar Panel (Slickdeals)","Solar panels","other","Product name contains a deal site name ('Slickdeals'); rename listing"
"catalog-516","ecoflow-ecoflow-river-pro-160w-portable-solar-panel-slickdeals-516","EcoFlow RIVER Pro + 160W Portable Solar Panel (Slickdeals)","Solar panels","rating or data conflict","capacityWh 1500 conflicts with manufacturerText (1.5kWh is daily solar generation, not capacity); capacity omitted"
"catalog-516","ecoflow-ecoflow-river-pro-160w-portable-solar-panel-slickdeals-516","EcoFlow RIVER Pro + 160W Portable Solar Panel (Slickdeals)","Solar panels","other","manufacturerText does not say which component carries the IP68 rating"
"catalog-516","ecoflow-ecoflow-river-pro-160w-portable-solar-panel-slickdeals-516","EcoFlow RIVER Pro + 160W Portable Solar Panel (Slickdeals)","Solar panels","category","Bundle categorised as 'Solar panels'; likely miscategorised"
"catalog-517","ecoflow-ecoflow-river-pro-ecoflow-river-pro-extra-battery-517","EcoFlow RIVER Pro + EcoFlow RIVER Pro Extra Battery","Batteries","other","manufacturerText does not explicitly list box contents; name indicates RIVER Pro plus Extra Battery"
"catalog-518","ecoflow-ecoflow-river-pro-extra-battery-518","EcoFlow RIVER Pro Extra Battery","Batteries","thin or truncated source","thin source"
"catalog-519","ecoflow-ecoflow-river-pro-portable-power-station-costco-sale-519","EcoFlow RIVER Pro Portable Power Station (Costco Sale)","Portable power","other","Product name contains a retailer's name in 'Sale' suffix; rename listing"
"catalog-519","ecoflow-ecoflow-river-pro-portable-power-station-costco-sale-519","EcoFlow RIVER Pro Portable Power Station (Costco Sale)","Portable power","other","Sale-region restriction in source omitted"
"catalog-520","ecoflow-ecoflow-river-pro-portable-power-station-refurbished-520","EcoFlow RIVER Pro Portable Power Station (Refurbished)","Portable power","other","Sale-region restriction in source omitted"
"catalog-521","ecoflow-ecoflow-smart-gateway-200a-recommended-accessories-521","EcoFlow Smart Gateway (200A) (Recommended Accessories)","Home integration","other","Source savings claim ('up to $6,000/year') omitted as unverifiable"
"catalog-521","ecoflow-ecoflow-smart-gateway-200a-recommended-accessories-521","EcoFlow Smart Gateway (200A) (Recommended Accessories)","Home integration","other","Compatible EcoFlow systems not named in source"
"catalog-522","ecoflow-ecoflow-smart-generator-522","EcoFlow Smart Generator","Accessories","thin or truncated source","thin source"
"catalog-522","ecoflow-ecoflow-smart-generator-522","EcoFlow Smart Generator","Accessories","category","Categorised as 'Accessories'; likely a generator, possibly miscategorised"
"catalog-522","ecoflow-ecoflow-smart-generator-522","EcoFlow Smart Generator","Accessories","other","No fuel type or output figures in source"
"catalog-523","ecoflow-ecoflow-smart-generator-3000-dual-fuel-523","EcoFlow Smart Generator 3000 (Dual Fuel)","Portable power","other","capacityWh 20000 reflects fuel energy from an LPG tank, not battery capacity"
"catalog-523","ecoflow-ecoflow-smart-generator-3000-dual-fuel-523","EcoFlow Smart Generator 3000 (Dual Fuel)","Portable power","other","Not CARB compliant per source; sale restriction for California should be handled by store policy"
"catalog-524","ecoflow-ecoflow-smart-generator-4000-dual-fuel-524","EcoFlow Smart Generator 4000 (Dual Fuel)","Portable power","other","Not CARB-approved per source; California sale restriction should be handled by store policy"
"catalog-524","ecoflow-ecoflow-smart-generator-4000-dual-fuel-524","EcoFlow Smart Generator 4000 (Dual Fuel)","Portable power","other","'40% higher energy efficiency' has no stated baseline"
"catalog-525","ecoflow-ecoflow-smart-home-panel-2-app-only-525","EcoFlow Smart Home Panel 2 - App Only","Solar panels","category","Categorised as 'Solar panels' but is an electrical subpanel; miscategorised"
"catalog-525","ecoflow-ecoflow-smart-home-panel-2-app-only-525","EcoFlow Smart Home Panel 2 - App Only","Solar panels","other","Installation service bundle text in source omitted"
"catalog-525","ecoflow-ecoflow-smart-home-panel-2-app-only-525","EcoFlow Smart Home Panel 2 - App Only","Solar panels","other","Meaning of 'App Only' in the name is unclear"
"catalog-527","ecoflow-ecoflow-smart-inlet-box-smart-home-panel-2-upgrade-527","EcoFlow Smart Inlet Box (Smart Home Panel 2 Upgrade）","Solar panels","rating or data conflict","Name says Smart Home Panel 2 upgrade but source says it pairs with Smart Home Panel 3; conflict"
"catalog-527","ecoflow-ecoflow-smart-inlet-box-smart-home-panel-2-upgrade-527","EcoFlow Smart Inlet Box (Smart Home Panel 2 Upgrade）","Solar panels","category","Categorised as 'Solar panels'; miscategorised"
"catalog-528","ecoflow-ecoflow-stream-microinverter-528","EcoFlow STREAM Microinverter","Portable power","other","ratedOutputW 3 appears to be the minimum solar input, not output; verify"
"catalog-528","ecoflow-ecoflow-stream-microinverter-528","EcoFlow STREAM Microinverter","Portable power","category","Categorised as 'Portable power'; likely miscategorised"
"catalog-529","ecoflow-ecoflow-stream-ultra-529","EcoFlow STREAM Ultra","Batteries","rating or data conflict","ratedOutputW 2000 conflicts with manufacturerText (2000W is max solar input; AC output is 1200W); output figures omitted"
"catalog-529","ecoflow-ecoflow-stream-ultra-529","EcoFlow STREAM Ultra","Batteries","other","No battery capacity stated in source"
"catalog-530","ecoflow-ecoflow-tool-box-530","EcoFlow Tool Box","Accessories","other","'set of 4' in source is ambiguous; confirm whether listing is one box or four"
"catalog-530","ecoflow-ecoflow-tool-box-530","EcoFlow Tool Box","Accessories","other","Load details referenced as an attachment not available"
"catalog-531","ecoflow-ecoflow-wave-2-add-on-battery-220w-portable-solar-panel-531","EcoFlow WAVE 2 + Add-on Battery + 220W Portable Solar Panel","Solar panels","other","manufacturerText covers WAVE 2 only; battery and 220W panel specs not described"
"catalog-531","ecoflow-ecoflow-wave-2-add-on-battery-220w-portable-solar-panel-531","EcoFlow WAVE 2 + Add-on Battery + 220W Portable Solar Panel","Solar panels","other","Box contents not explicitly listed in source"
"catalog-531","ecoflow-ecoflow-wave-2-add-on-battery-220w-portable-solar-panel-531","EcoFlow WAVE 2 + Add-on Battery + 220W Portable Solar Panel","Solar panels","category","Categorised as 'Solar panels'; likely miscategorised"
"catalog-532","ecoflow-ecoflow-wave-2-add-on-battery-bundle-532","EcoFlow WAVE 2 + Add-on Battery Bundle","Batteries","other","Box contents not explicitly listed in source"
"catalog-532","ecoflow-ecoflow-wave-2-add-on-battery-bundle-532","EcoFlow WAVE 2 + Add-on Battery Bundle","Batteries","category","Categorised as 'Batteries'; air conditioner bundle may be miscategorised"
"catalog-535","ecoflow-ecoflow-wave-2-add-on-battery-app-only-535","EcoFlow WAVE 2 Add-on Battery - App Only","Batteries","thin or truncated source","thin source"
"catalog-535","ecoflow-ecoflow-wave-2-add-on-battery-app-only-535","EcoFlow WAVE 2 Add-on Battery - App Only","Batteries","other","Meaning of 'App Only' in the name is unclear"
"catalog-533","ecoflow-ecoflow-wave-2-add-on-battery-refurbished-533","EcoFlow WAVE 2 Add-on Battery (Refurbished)","Batteries","thin or truncated source","thin source"
"catalog-534","ecoflow-ecoflow-wave-2-add-on-battery-wave-series-bag-534","EcoFlow WAVE 2 Add-on Battery + WAVE Series Bag","Batteries","thin or truncated source","thin source"
"catalog-534","ecoflow-ecoflow-wave-2-add-on-battery-wave-series-bag-534","EcoFlow WAVE 2 Add-on Battery + WAVE Series Bag","Batteries","other","WAVE Series Bag not described in source; contents not explicitly listed"
"catalog-536","ecoflow-ecoflow-wave-2-portable-air-conditioner-refurbished-536","EcoFlow WAVE 2 Portable Air Conditioner (Refurbished)","Batteries","category","Categorised as 'Batteries' but is an air conditioner; miscategorised"
"catalog-537","ecoflow-ecoflow-wave-2-portable-air-conditioner-with-heater-537","EcoFlow WAVE 2 Portable Air Conditioner with Heater","Batteries","category","Categorised as 'Batteries' but is an air conditioner; miscategorised"
"catalog-539","ecoflow-ecoflow-wave-3-portable-air-conditioner-app-only-539","EcoFlow WAVE 3 Portable Air Conditioner - APP Only","Portable power","other","Meaning of 'APP Only' in the name is unclear"
"catalog-539","ecoflow-ecoflow-wave-3-portable-air-conditioner-app-only-539","EcoFlow WAVE 3 Portable Air Conditioner - APP Only","Portable power","other","Source does not say whether a battery is needed for 8-hour wireless use"
"catalog-539","ecoflow-ecoflow-wave-3-portable-air-conditioner-app-only-539","EcoFlow WAVE 3 Portable Air Conditioner - APP Only","Portable power","other","Same source text as catalog-540; listings may be duplicates"
"catalog-540","ecoflow-ecoflow-wave-3-portable-air-conditioner-with-heater-540","EcoFlow WAVE 3 Portable Air Conditioner with Heater","Portable power","other","Same source text as catalog-539; listings may be duplicates"
"catalog-540","ecoflow-ecoflow-wave-3-portable-air-conditioner-with-heater-540","EcoFlow WAVE 3 Portable Air Conditioner with Heater","Portable power","other","Source does not say whether a battery is needed for 8-hour wireless use"
"catalog-542","ecoflow-ecoflow-wave-portable-air-conditioner-542","EcoFlow Wave Portable Air Conditioner","Portable power","thin or truncated source","thin source"
"catalog-884","ecoflow-elite-30-v2-glacier-blue-100w-884","Elite 30 V2 Glacier Blue +100W","Batteries","rating or data conflict","ratedOutputW 100 conflicts with manufacturerText (600W rated); output omitted"
"catalog-884","ecoflow-elite-30-v2-glacier-blue-100w-884","Elite 30 V2 Glacier Blue +100W","Batteries","other","Capacity '5.288Wh' in source looks malformed; omitted"
"catalog-884","ecoflow-elite-30-v2-glacier-blue-100w-884","Elite 30 V2 Glacier Blue +100W","Batteries","other","'+100W' in name is unexplained; possibly a bundled panel"
"catalog-884","ecoflow-elite-30-v2-glacier-blue-100w-884","Elite 30 V2 Glacier Blue +100W","Batteries","other","Brand listed as EcoFlow; UltraCell and TurboBoost terms suggest another manufacturer; verify"
"catalog-543","ecoflow-glacier-classic-portable-fridge-freezer-500w-alternator-charger-543","GLACIER Classic Portable Fridge Freezer + 500W Alternator Charger","Batteries","other","Fridge size (35L, 45L, or 55L) for this listing not stated"
"catalog-543","ecoflow-glacier-classic-portable-fridge-freezer-500w-alternator-charger-543","GLACIER Classic Portable Fridge Freezer + 500W Alternator Charger","Batteries","other","Source does not say whether the 298Wh battery is included"
"catalog-543","ecoflow-glacier-classic-portable-fridge-freezer-500w-alternator-charger-543","GLACIER Classic Portable Fridge Freezer + 500W Alternator Charger","Batteries","other","Box contents not explicitly listed in source"
"catalog-543","ecoflow-glacier-classic-portable-fridge-freezer-500w-alternator-charger-543","GLACIER Classic Portable Fridge Freezer + 500W Alternator Charger","Batteries","category","Categorised as 'Batteries'; likely miscategorised"
"catalog-544","ecoflow-power-hub-5kva-with-cable-pack-544","Power Hub 5kVA with Cable Pack","Accessories","thin or truncated source","thin source"
"catalog-544","ecoflow-power-hub-5kva-with-cable-pack-544","Power Hub 5kVA with Cable Pack","Accessories","other","manufacturerText contains only a promotional note; no specifications available"
"catalog-544","ecoflow-power-hub-5kva-with-cable-pack-544","Power Hub 5kVA with Cable Pack","Accessories","other","Cable pack contents not described"
"catalog-545","ecoflow-power-kits-5kva-48v-power-system-545","Power Kits 5kVA 48V Power System","Portable power","other","Promotional and dispatch-date text in source omitted"
"catalog-545","ecoflow-power-kits-5kva-48v-power-system-545","Power Kits 5kVA 48V Power System","Portable power","other","Configuration and components of the kit not listed"
"catalog-546","ecoflow-river-3-max-river-3-plus-extra-battery-300-546","RIVER 3 Max (RIVER 3 Plus + Extra Battery 300)","Batteries","other","Source text is identical to RIVER 3 Plus; box contents not explicitly listed"
"catalog-547","ecoflow-transfer-switch-306a-125-250v-with-30a-pairing-with-1-ecoflow-delta-pro-ultra-547","Transfer Switch 306A - 125/250v with 30A (Pairing with 1 × EcoFlow DELTA Pro Ultra)","Home integration","other","Source says the L14-30 generator cord is not supplied and references third-party retailers; omitted"
"catalog-547","ecoflow-transfer-switch-306a-125-250v-with-30a-pairing-with-1-ecoflow-delta-pro-ultra-547","Transfer Switch 306A - 125/250v with 30A (Pairing with 1 × EcoFlow DELTA Pro Ultra)","Home integration","other","Source references another manufacturer's website; brand attribution may need checking"
"catalog-369","ecoflow-victron-12v-multiplus-1200va-120v-inverter-50a-charger-small-inverter-for-mobile-energy-systems-pure-sine-369","Victron 12V MultiPlus 1200VA 120V Inverter 50A Charger, Small Inverter for Mobile Energy Systems, Pure Sine Wave Inverter","Home integration","other","Brand listed as EcoFlow but product is made by Victron; correct brand field"
"catalog-370","ecoflow-victron-12v-multiplus-800va-120v-inverter-35a-charger-pure-sine-wave-inverter-for-mobile-power-systems-mu-370","Victron 12V MultiPlus 800VA 120V Inverter 35A Charger, Pure Sine Wave Inverter for Mobile Power Systems, MultiPlus 12/800/35-16 120V VE.Bus","Home integration","other","Brand listed as EcoFlow but product is made by Victron; correct brand field"
"catalog-380","ecoflow-victron-energy-multiplus-48v-2kva-inverter-25a-charger-true-sine-wave-inverter-380","Victron Energy MultiPlus 48V 2kVA Inverter 25A Charger, True Sine Wave Inverter","Home integration","rating or data conflict","Brand field says EcoFlow but the product is a Victron Energy unit; brand likely wrong."
"catalog-390","ecoflow-victron-energy-phoenix-inverter-12-3000-120v-ve-bus-3000va-pure-sine-wave-12vdc-to-120vac-inverter-390","Victron Energy Phoenix Inverter 12/3000 120V VE.Bus, 3000VA Pure Sine Wave 12VDC to 120VAC Inverter","Home integration","rating or data conflict","Brand field says EcoFlow but the product is a Victron Energy unit; brand likely wrong."
"catalog-390","ecoflow-victron-energy-phoenix-inverter-12-3000-120v-ve-bus-3000va-pure-sine-wave-12vdc-to-120vac-inverter-390","Victron Energy Phoenix Inverter 12/3000 120V VE.Bus, 3000VA Pure Sine Wave 12VDC to 120VAC Inverter","Home integration","rating or data conflict","ratedOutputW (400) conflicts with the 2,400W continuous rating in manufacturerText; neither continuous figure used."
"catalog-549","ecoflow-whole-home-backup-kit-ecoflow-smart-control-kit-549","Whole-Home Backup Kit: EcoFlow Smart Control Kit","Solar panels","category","Category 'Solar panels' likely wrong; this is a home backup integration kit."
"catalog-549","ecoflow-whole-home-backup-kit-ecoflow-smart-control-kit-549","Whole-Home Backup Kit: EcoFlow Smart Control Kit","Solar panels","other","manufacturerText contradicts itself: 'Professional electrician installation required' and 'Installation-free'."
"catalog-549","ecoflow-whole-home-backup-kit-ecoflow-smart-control-kit-549","Whole-Home Backup Kit: EcoFlow Smart Control Kit","Solar panels","other","Name says 'Smart Control Kit' but the text describes the Double Voltage Hub; exact kit contents unclear."
"catalog-549","ecoflow-whole-home-backup-kit-ecoflow-smart-control-kit-549","Whole-Home Backup Kit: EcoFlow Smart Control Kit","Solar panels","other","Requires two EcoFlow DELTA Pro units, which the text does not say are included."
"catalog-78","eg4-eg4-12000xp-off-grid-inverter-v2-usa-built-78","EG4 | 12000XP Off-Grid Inverter | V2 | USA Built","Solar panels","category","Category 'Solar panels' likely wrong; this is an inverter."
"catalog-78","eg4-eg4-12000xp-off-grid-inverter-v2-usa-built-78","EG4 | 12000XP Off-Grid Inverter | V2 | USA Built","Solar panels","other","manufacturerText contains leftover web-page markup."
"catalog-78","eg4-eg4-12000xp-off-grid-inverter-v2-usa-built-78","EG4 | 12000XP Off-Grid Inverter | V2 | USA Built","Solar panels","other","Text lists 15,000W output with PV but notes this applies only to model IV-15000-XP-IN-01; unclear which model this listing is, so 15kW not stated."
"catalog-78","eg4-eg4-12000xp-off-grid-inverter-v2-usa-built-78","EG4 | 12000XP Off-Grid Inverter | V2 | USA Built","Solar panels","rating or data conflict","Parallel limit of 16 units conflicts with catalog-289 (six units) for the same inverter family."
"catalog-79","eg4-eg4-12kpv-hybrid-inverter-79","EG4 | 12kPV Hybrid Inverter","Home integration","other","Possible duplicate listing of catalog-290 (EG4 12kPV)."
"catalog-80","eg4-eg4-18kpv-hybrid-inverter-80","EG4 | 18kPV Hybrid Inverter","Batteries","category","Category 'Batteries' likely wrong; this is an inverter."
"catalog-80","eg4-eg4-18kpv-hybrid-inverter-80","EG4 | 18kPV Hybrid Inverter","Batteries","other","manufacturerText contains leftover web-page markup."
"catalog-80","eg4-eg4-18kpv-hybrid-inverter-80","EG4 | 18kPV Hybrid Inverter","Batteries","rating or data conflict","Recommended PV input (21,000W) differs from the 18kW PV input in catalog-291's name for the same model."
"catalog-81","eg4-eg4-6000xp-off-grid-inverter-81","EG4 | 6000XP Off-Grid Inverter","Home integration","rating or data conflict","ratedOutputW is 0, conflicting with the 6,000W stated in manufacturerText; output figure not used."
"catalog-81","eg4-eg4-6000xp-off-grid-inverter-81","EG4 | 6000XP Off-Grid Inverter","Home integration","other","manufacturerText contains leftover web-page markup."
"catalog-81","eg4-eg4-6000xp-off-grid-inverter-81","EG4 | 6000XP Off-Grid Inverter","Home integration","rating or data conflict","Max charging current 125A conflicts with 115A stated in catalog-299 for the same model."
"catalog-82","eg4-eg4-allweather-wallmount-battery-48v-314ah-16kwh-82","EG4 | AllWeather WallMount Battery | 48V 314Ah | 16kWh","Batteries","other","ratedOutputW 9540 appears to come from the UL 9540 certification, not an output rating; not used."
"catalog-82","eg4-eg4-allweather-wallmount-battery-48v-314ah-16kwh-82","EG4 | AllWeather WallMount Battery | 48V 314Ah | 16kWh","Batteries","other","Text says 16kWh is usable energy, while catalog-305 (same battery) gives 12.86kWh usable at 80% DOD."
"catalog-82","eg4-eg4-allweather-wallmount-battery-48v-314ah-16kwh-82","EG4 | AllWeather WallMount Battery | 48V 314Ah | 16kWh","Batteries","other","Possible duplicate listing of catalog-305."
"catalog-83","eg4-eg4-chargeverter-plus-83","EG4 | Chargeverter Plus","Home integration","rating or data conflict","ratedOutputW 4 appears to come from the ~4W idle consumption; not used."
"catalog-83","eg4-eg4-chargeverter-plus-83","EG4 | Chargeverter Plus","Home integration","other","Possible duplicate listing of catalog-303 (Chargeverter Plus)."
"catalog-84","eg4-eg4-hybrid-solar-window-unit-12000-btu-84","EG4 | Hybrid Solar Window Unit | 12000 BTU","Home integration","other","Direct solar input voltage and wattage are not specified in the source."
"catalog-84","eg4-eg4-hybrid-solar-window-unit-12000-btu-84","EG4 | Hybrid Solar Window Unit | 12000 BTU","Home integration","other","Headline mentions 'Whole-Home Climate Control' while the unit is rated for about 600 sq. ft.; not repeated."
"catalog-85","eg4-eg4-indoor-wallmount-battery-48v-314ah-16kwh-85","EG4 | Indoor WallMount Battery | 48V 314Ah | 16kWh","Batteries","other","Possible duplicate listing of catalog-302 (EG4 314Ah Indoor WallMount)."
"catalog-86","eg4-eg4-lifepower4-v2-lithium-battery-48v-100ah-server-rack-battery-86","EG4 | LifePower4 V2 Lithium Battery | 48V 100AH | Server Rack Battery","Batteries","other","Text says auto-addressing 'is being added'; unclear whether every unit has it."
"catalog-289","eg4-eg4-12000xp-48v-split-phase-off-grid-inverter-12kw-ac-output-24kw-utilized-solar-input-ul-1741-ul-9540-so-289","EG4 12000XP 48V Split Phase Off-Grid Inverter, 12kW AC Output, 24kW Utilized Solar Input, UL 1741 & UL 9540 Solar Inverter","Accessories","category","Category 'Accessories' likely wrong; this is an inverter."
"catalog-289","eg4-eg4-12000xp-48v-split-phase-off-grid-inverter-12kw-ac-output-24kw-utilized-solar-input-ul-1741-ul-9540-so-289","EG4 12000XP 48V Split Phase Off-Grid Inverter, 12kW AC Output, 24kW Utilized Solar Input, UL 1741 & UL 9540 Solar Inverter","Accessories","other","Source text references another retailer's SKU; omitted."
"catalog-289","eg4-eg4-12000xp-48v-split-phase-off-grid-inverter-12kw-ac-output-24kw-utilized-solar-input-ul-1741-ul-9540-so-289","EG4 12000XP 48V Split Phase Off-Grid Inverter, 12kW AC Output, 24kW Utilized Solar Input, UL 1741 & UL 9540 Solar Inverter","Accessories","thin or truncated source","manufacturerText is truncated."
"catalog-289","eg4-eg4-12000xp-48v-split-phase-off-grid-inverter-12kw-ac-output-24kw-utilized-solar-input-ul-1741-ul-9540-so-289","EG4 12000XP 48V Split Phase Off-Grid Inverter, 12kW AC Output, 24kW Utilized Solar Input, UL 1741 & UL 9540 Solar Inverter","Accessories","rating or data conflict","Parallel limit of six units conflicts with catalog-78 (16 units)."
"catalog-60","eg4-eg4-12k-btu-high-efficiency-mini-split-air-conditioner-60","EG4 12K BTU High Efficiency Mini-Split Air Conditioner","Accessories","rating or data conflict","ratedOutputW 950 is the maximum cooling input power, not an output rating."
"catalog-60","eg4-eg4-12k-btu-high-efficiency-mini-split-air-conditioner-60","EG4 12K BTU High Efficiency Mini-Split Air Conditioner","Accessories","category","Category 'Accessories' may be wrong; this is an HVAC appliance."
"catalog-290","eg4-eg4-12kpv-48v-8kw-hybrid-all-in-one-inverter-12kw-solar-input-nema-4x-ul-1741-ul-9540-solar-inverter-290","EG4 12kPV 48V 8kW Hybrid All-in-One Inverter, 12kW Solar Input, NEMA 4X, UL 1741 & UL 9540 Solar Inverter","Home integration","other","Possible duplicate listing of catalog-79 (EG4 12kPV)."
"catalog-291","eg4-eg4-18kpv-48v-all-in-one-hybrid-inverter-12kw-ac-output-18kw-pv-input-ul-1741-ul-9540-solar-inverter-291","EG4 18kPV 48V All-in-One Hybrid Inverter, 12kW AC Output, 18kW PV Input, UL 1741 & UL 9540 Solar Inverter","Solar panels","other","capacityWh 880000 is not meaningful for an inverter; not used."
"catalog-291","eg4-eg4-18kpv-48v-all-in-one-hybrid-inverter-12kw-ac-output-18kw-pv-input-ul-1741-ul-9540-solar-inverter-291","EG4 18kPV 48V All-in-One Hybrid Inverter, 12kW AC Output, 18kW PV Input, UL 1741 & UL 9540 Solar Inverter","Solar panels","category","Category 'Solar panels' likely wrong; this is an inverter."
"catalog-291","eg4-eg4-18kpv-48v-all-in-one-hybrid-inverter-12kw-ac-output-18kw-pv-input-ul-1741-ul-9540-solar-inverter-291","EG4 18kPV 48V All-in-One Hybrid Inverter, 12kW AC Output, 18kW PV Input, UL 1741 & UL 9540 Solar Inverter","Solar panels","thin or truncated source","manufacturerText is truncated."
"catalog-64","eg4-eg4-24k-hybrid-mini-split-v1-64","EG4 24k Hybrid Mini Split V1","Whole-home backup","category","Category 'Whole-home backup' likely wrong; this is an HVAC appliance."
"catalog-64","eg4-eg4-24k-hybrid-mini-split-v1-64","EG4 24k Hybrid Mini Split V1","Whole-home backup","other","manufacturerText contains leftover web-page markup."
"catalog-66","eg4-eg4-24k-hybrid-multizone-mini-split-outdoor-unit-66","EG4 24K Hybrid Multizone Mini-Split | Outdoor unit","Whole-home backup","category","Category 'Whole-home backup' likely wrong; this is an HVAC appliance."
"catalog-66","eg4-eg4-24k-hybrid-multizone-mini-split-outdoor-unit-66","EG4 24K Hybrid Multizone Mini-Split | Outdoor unit","Whole-home backup","other","Weight (172 lbs) is identical to the 36K outdoor unit (catalog-67); may be a copy error."
"catalog-66","eg4-eg4-24k-hybrid-multizone-mini-split-outdoor-unit-66","EG4 24K Hybrid Multizone Mini-Split | Outdoor unit","Whole-home backup","other","Solar input specifications are not stated."
"catalog-292","eg4-eg4-3-slot-enclosed-battery-rack-for-server-rack-batteries-welded-pre-assembled-battery-storage-292","EG4 3-Slot Enclosed Battery Rack for Server Rack Batteries, Welded & Pre-Assembled Battery Storage","Solar panels","other","capacityWh describes battery capacity, not the rack itself."
"catalog-292","eg4-eg4-3-slot-enclosed-battery-rack-for-server-rack-batteries-welded-pre-assembled-battery-storage-292","EG4 3-Slot Enclosed Battery Rack for Server Rack Batteries, Welded & Pre-Assembled Battery Storage","Solar panels","category","Category 'Solar panels' likely wrong; this is a battery rack."
"catalog-292","eg4-eg4-3-slot-enclosed-battery-rack-for-server-rack-batteries-welded-pre-assembled-battery-storage-292","EG4 3-Slot Enclosed Battery Rack for Server Rack Batteries, Welded & Pre-Assembled Battery Storage","Solar panels","other","Possible duplicate listing of catalog-70 (EG4 3-slot rack)."
"catalog-67","eg4-eg4-36k-hybrid-multizone-mini-split-outdoor-unit-67","EG4 36K Hybrid Multizone Mini-Split | Outdoor Unit","Whole-home backup","category","Category 'Whole-home backup' likely wrong; this is an HVAC appliance."
"catalog-67","eg4-eg4-36k-hybrid-multizone-mini-split-outdoor-unit-67","EG4 36K Hybrid Multizone Mini-Split | Outdoor Unit","Whole-home backup","other","Weight (172 lbs) is identical to the 24K outdoor unit (catalog-66); may be a copy error."
"catalog-67","eg4-eg4-36k-hybrid-multizone-mini-split-outdoor-unit-67","EG4 36K Hybrid Multizone Mini-Split | Outdoor Unit","Whole-home backup","other","Solar input specifications are not stated."
"catalog-294","eg4-eg4-48v-15-36kwh-ll-s-fully-loaded-lifepo4-server-rack-battery-bundle-294","EG4 48V 15.36kWh LL-S Fully Loaded LiFePO4 Server Rack Battery Bundle","Batteries","thin or truncated source","thin source"
"catalog-294","eg4-eg4-48v-15-36kwh-ll-s-fully-loaded-lifepo4-server-rack-battery-bundle-294","EG4 48V 15.36kWh LL-S Fully Loaded LiFePO4 Server Rack Battery Bundle","Batteries","other","Text says 15.3kWh while the name says 15.36kWh."
"catalog-295","eg4-eg4-48v-30-72kwh-lifepower4-v2-fully-loaded-lifepo4-server-rack-battery-bundle-295","EG4 48V 30.72kWh LifePower4 V2 Fully Loaded LiFePO4 Server Rack Battery Bundle","Batteries","thin or truncated source","thin source"
"catalog-295","eg4-eg4-48v-30-72kwh-lifepower4-v2-fully-loaded-lifepo4-server-rack-battery-bundle-295","EG4 48V 30.72kWh LifePower4 V2 Fully Loaded LiFePO4 Server Rack Battery Bundle","Batteries","other","Text says the kit 'typically' comes with 30.72kWh; exact contents unconfirmed."
"catalog-295","eg4-eg4-48v-30-72kwh-lifepower4-v2-fully-loaded-lifepo4-server-rack-battery-bundle-295","EG4 48V 30.72kWh LifePower4 V2 Fully Loaded LiFePO4 Server Rack Battery Bundle","Batteries","other","Source text does not name the battery model; LifePower4 V2 comes from the product name only."
"catalog-296","eg4-eg4-48v-30-72kwh-ll-s-fully-loaded-lifepo4-server-rack-battery-bundle-296","EG4 48V 30.72kWh LL-S Fully Loaded LiFePO4 Server Rack Battery Bundle","Batteries","thin or truncated source","thin source"
"catalog-296","eg4-eg4-48v-30-72kwh-ll-s-fully-loaded-lifepo4-server-rack-battery-bundle-296","EG4 48V 30.72kWh LL-S Fully Loaded LiFePO4 Server Rack Battery Bundle","Batteries","other","Text says the kit 'typically' comes with 30.72kWh; exact contents unconfirmed."
"catalog-296","eg4-eg4-48v-30-72kwh-ll-s-fully-loaded-lifepo4-server-rack-battery-bundle-296","EG4 48V 30.72kWh LL-S Fully Loaded LiFePO4 Server Rack Battery Bundle","Batteries","other","Source text does not name the battery model; LL-S comes from the product name only."
"catalog-297","eg4-eg4-48v-battery-starter-kit-choose-between-ll-s-or-lifepower4-and-server-rack-of-choice-up-to-30-72kwh-of-297","EG4 48V Battery Starter Kit, Choose Between LL-S or LifePower4 and Server Rack of Choice, Up to 30.72kWh of Battery Power","Batteries","other","Contents depend on selected configuration; included items not itemised."
"catalog-298","eg4-eg4-6-slot-enclosed-battery-rack-for-server-rack-batteries-welded-pre-assembled-battery-storage-298","EG4 6-Slot Enclosed Battery Rack for Server Rack Batteries, Welded & Pre-Assembled Battery Storage","Batteries","other","capacityWh describes battery capacity, not the rack itself."
"catalog-298","eg4-eg4-6-slot-enclosed-battery-rack-for-server-rack-batteries-welded-pre-assembled-battery-storage-298","EG4 6-Slot Enclosed Battery Rack for Server Rack Batteries, Welded & Pre-Assembled Battery Storage","Batteries","category","Category 'Batteries' likely wrong; this is a battery rack."
"catalog-298","eg4-eg4-6-slot-enclosed-battery-rack-for-server-rack-batteries-welded-pre-assembled-battery-storage-298","EG4 6-Slot Enclosed Battery Rack for Server Rack Batteries, Welded & Pre-Assembled Battery Storage","Batteries","other","Possible duplicate listing of catalog-71 (EG4 6-slot rack)."
"catalog-299","eg4-eg4-6000xp-48v-6kw-off-grid-all-in-one-inverter-charger-6kw-split-phase-ac-output-8kw-solar-input-ul-1741-299","EG4 6000XP 48V 6kW Off-Grid All-in-One Inverter/Charger, 6kW Split-Phase AC Output, 8kW Solar Input, UL 1741 & UL 9540 Solar Inverter","Home integration","other","Source text references another retailer's SKU; omitted."
"catalog-299","eg4-eg4-6000xp-48v-6kw-off-grid-all-in-one-inverter-charger-6kw-split-phase-ac-output-8kw-solar-input-ul-1741-299","EG4 6000XP 48V 6kW Off-Grid All-in-One Inverter/Charger, 6kW Split-Phase AC Output, 8kW Solar Input, UL 1741 & UL 9540 Solar Inverter","Home integration","rating or data conflict","115A charger conflicts with 125A max charging current in catalog-81 for the same model."
"catalog-68","eg4-eg4-9k-btu-high-efficiency-mini-split-air-conditioner-68","EG4 9K BTU High Efficiency Mini-Split Air Conditioner","Whole-home backup","rating or data conflict","ratedOutputW 620 is the maximum cooling input power, not an output rating."
"catalog-68","eg4-eg4-9k-btu-high-efficiency-mini-split-air-conditioner-68","EG4 9K BTU High Efficiency Mini-Split Air Conditioner","Whole-home backup","category","Category 'Whole-home backup' likely wrong; this is an HVAC appliance."
"catalog-300","eg4-eg4-bossbox-cable-kit-battery-to-inverter-communication-and-power-cables-for-eg4-wallmount-280ah-lithium--300","EG4 BOSSBox Cable Kit, Battery to Inverter Communication and Power Cables for EG4 WallMount 280Ah Lithium Batteries","Batteries","other","Condition is 'used' while the source text describes a new kit; condition of cables and connectors unverified."
"catalog-300","eg4-eg4-bossbox-cable-kit-battery-to-inverter-communication-and-power-cables-for-eg4-wallmount-280ah-lithium--300","EG4 BOSSBox Cable Kit, Battery to Inverter Communication and Power Cables for EG4 WallMount 280Ah Lithium Batteries","Batteries","category","Category 'Batteries' likely wrong; this is a cable accessory."
"catalog-69","eg4-eg4-chargeverter-gc-48v-100a-battery-charger-5120w-output-69","EG4 Chargeverter - GC | 48V 100A Battery Charger 5120W Output","Accessories","other","Possible duplicate listing of catalog-304 (Chargeverter-GC)."
"catalog-302","eg4-eg4-electronics-48v-wallmount-314ah-indoor-battery-16kwh-lithium-battery-storage-for-residential-energy-s-302","EG4 Electronics 48V WallMount 314Ah Indoor Battery, 16kWh Lithium Battery Storage for Residential Energy Systems, UL 1973","Batteries","other","Possible duplicate listing of catalog-85 (EG4 314Ah Indoor WallMount)."
"catalog-303","eg4-eg4-electronics-chargeverter-plus-48v-100a-outdoor-rated-lithium-battery-charger-120-208-240vac-input-ip5-303","EG4 Electronics Chargeverter Plus, 48V 100A Outdoor Rated Lithium Battery Charger, 120/208/240Vac Input, IP54","Home integration","thin or truncated source","manufacturerText is truncated."
"catalog-303","eg4-eg4-electronics-chargeverter-plus-48v-100a-outdoor-rated-lithium-battery-charger-120-208-240vac-input-ip5-303","EG4 Electronics Chargeverter Plus, 48V 100A Outdoor Rated Lithium Battery Charger, 120/208/240Vac Input, IP54","Home integration","rating or data conflict","Possible duplicate listing of catalog-83 (Chargeverter Plus); communication ports differ between listings (RS485 only here, CAN and RS485 there)."
"catalog-304","eg4-eg4-electronics-chargeverter-gc-48v-100a-battery-charger-for-lifepo4-batteries-240v-or-120v-input-with-ag-304","EG4 Electronics Chargeverter-GC 48V 100A Battery Charger for LiFePO4 Batteries, 240V or 120V Input with AGS and Built-in Breaker","Home integration","rating or data conflict","Input range 90-260Vac differs from 90-264VAC in catalog-69 for the same model."
"catalog-304","eg4-eg4-electronics-chargeverter-gc-48v-100a-battery-charger-for-lifepo4-batteries-240v-or-120v-input-with-ag-304","EG4 Electronics Chargeverter-GC 48V 100A Battery Charger for LiFePO4 Batteries, 240V or 120V Input with AGS and Built-in Breaker","Home integration","other","Possible duplicate listing of catalog-69 (Chargeverter GC)."
"catalog-305","eg4-eg4-electronics-wallmount-314ah-outdoor-allweather-battery-16kwh-lithium-battery-for-residential-and-comm-305","EG4 Electronics WallMount 314Ah Outdoor AllWeather Battery, 16kWh Lithium Battery for Residential and Commercial Systems, UL 1973 and UL 9540","Batteries","rating or data conflict","ratedOutputW 448 is the heater wattage, conflicting with discharge power figures in the text; no output wattage used."
"catalog-305","eg4-eg4-electronics-wallmount-314ah-outdoor-allweather-battery-16kwh-lithium-battery-for-residential-and-comm-305","EG4 Electronics WallMount 314Ah Outdoor AllWeather Battery, 16kWh Lithium Battery for Residential and Commercial Systems, UL 1973 and UL 9540","Batteries","thin or truncated source","manufacturerText is truncated."
"catalog-305","eg4-eg4-electronics-wallmount-314ah-outdoor-allweather-battery-16kwh-lithium-battery-for-residential-and-comm-305","EG4 Electronics WallMount 314Ah Outdoor AllWeather Battery, 16kWh Lithium Battery for Residential and Commercial Systems, UL 1973 and UL 9540","Batteries","other","Possible duplicate listing of catalog-82 (AllWeather 314Ah)."
"catalog-70","eg4-eg4-enclosed-battery-rack-3-slot-wheels-included-70","EG4 Enclosed Battery Rack | 3 Slot | Wheels Included","Solar panels","category","Category 'Solar panels' likely wrong; this is a battery rack."
"catalog-70","eg4-eg4-enclosed-battery-rack-3-slot-wheels-included-70","EG4 Enclosed Battery Rack | 3 Slot | Wheels Included","Solar panels","other","Possible duplicate listing of catalog-292 (EG4 3-slot rack)."
"catalog-71","eg4-eg4-enclosed-battery-rack-6-slot-bus-bar-covers-welded-grey-71","EG4 Enclosed Battery Rack | 6 Slot| Bus Bar Covers | Welded (Grey)","Solar panels","other","Name says Grey but manufacturerText says black powder-coated finish; colour not stated in copy."
"catalog-71","eg4-eg4-enclosed-battery-rack-6-slot-bus-bar-covers-welded-grey-71","EG4 Enclosed Battery Rack | 6 Slot| Bus Bar Covers | Welded (Grey)","Solar panels","category","Category 'Solar panels' likely wrong; this is a battery rack."
"catalog-71","eg4-eg4-enclosed-battery-rack-6-slot-bus-bar-covers-welded-grey-71","EG4 Enclosed Battery Rack | 6 Slot| Bus Bar Covers | Welded (Grey)","Solar panels","other","Possible duplicate listing of catalog-298 (EG4 6-slot rack)."
"catalog-72","eg4-eg4-flexboss18-13kw-ac-hybrid-inverter-72","EG4 FlexBOSS18 13kW AC Hybrid Inverter","Batteries","category","Category 'Batteries' likely wrong; this is an inverter."
"catalog-72","eg4-eg4-flexboss18-13kw-ac-hybrid-inverter-72","EG4 FlexBOSS18 13kW AC Hybrid Inverter","Batteries","other","Possible duplicate listing of catalog-306 (FlexBOSS18)."
"catalog-306","eg4-eg4-flexboss18-48v-hybrid-all-in-one-inverter-10kw-ac-output-18kw-solar-input-nema-4x-ul-1741-ul-9540-306","EG4 FlexBOSS18 48V Hybrid All-In-One Inverter, 10kW AC Output, 18kW Solar Input, NEMA 4X, UL 1741 & UL 9540","Home integration","other","Possible duplicate listing of catalog-72 (FlexBOSS18)."
"catalog-73","eg4-eg4-flexboss21-16kw-ac-hybrid-inverter-73","EG4 FlexBOSS21 16kW AC Hybrid Inverter","Home integration","rating or data conflict","Parallel limit of 16 units conflicts with catalog-307 (10 units) for the same model."
"catalog-73","eg4-eg4-flexboss21-16kw-ac-hybrid-inverter-73","EG4 FlexBOSS21 16kW AC Hybrid Inverter","Home integration","other","Possible duplicate listing of catalog-307 (FlexBOSS21)."
"catalog-307","eg4-eg4-flexboss21-48v-hybrid-all-in-one-inverter-12kw-16kw-ac-output-ul-1741-ul-9540-solar-inverter-307","EG4 FlexBOSS21 48V Hybrid All-in-One Inverter, 12kW-16kW AC Output, UL 1741 & UL 9540 Solar Inverter","Home integration","rating or data conflict","Parallel limit of 10 units conflicts with catalog-73 (16 units)."
"catalog-307","eg4-eg4-flexboss21-48v-hybrid-all-in-one-inverter-12kw-16kw-ac-output-ul-1741-ul-9540-solar-inverter-307","EG4 FlexBOSS21 48V Hybrid All-in-One Inverter, 12kW-16kW AC Output, UL 1741 & UL 9540 Solar Inverter","Home integration","other","Possible duplicate listing of catalog-73 (FlexBOSS21)."
"catalog-308","eg4-eg4-gridboss-microgrid-interconnect-device-mid-critical-and-non-critical-loads-ports-with-smart-loads-and-308","EG4 GridBOSS Microgrid Interconnect Device (MID), Critical and Non-Critical Loads Ports with Smart Loads and Remote Monitoring, 200A Grid Bypass","Home integration","thin or truncated source","manufacturerText is truncated."
"catalog-308","eg4-eg4-gridboss-microgrid-interconnect-device-mid-critical-and-non-critical-loads-ports-with-smart-loads-and-308","EG4 GridBOSS Microgrid Interconnect Device (MID), Critical and Non-Critical Loads Ports with Smart Loads and Remote Monitoring, 200A Grid Bypass","Home integration","other","Possible duplicate listing of catalog-74 (GridBOSS MID v3.1)."
"catalog-74","eg4-eg4-gridboss-mid-v3-1-200a-service-entrance-74","EG4 GridBOSS MID v3.1 | 200A Service Entrance","Home integration","other","Source contains a cost-savings claim; omitted."
"catalog-74","eg4-eg4-gridboss-mid-v3-1-200a-service-entrance-74","EG4 GridBOSS MID v3.1 | 200A Service Entrance","Home integration","other","Possible duplicate listing of catalog-308 (GridBOSS)."
"catalog-309","eg4-eg4-indoor-wallmount-48v-14-34kwh-280ah-lifepo4-battery-ul-9540-lithium-battery-309","EG4 Indoor WallMount 48V 14.34kWh 280Ah LiFePO4 Battery, UL 9540 Lithium Battery","Batteries","thin or truncated source","manufacturerText is truncated."
"catalog-310","eg4-eg4-lifepower4-v2-24v-200ah-5-12kwh-lifepo4-server-rack-battery-residential-lithium-battery-310","EG4 LifePower4 V2 24V 200Ah 5.12kWh LiFePO4 Server Rack Battery, Residential Lithium Battery","Batteries","thin or truncated source","thin source"
"catalog-311","eg4-eg4-lifepower4-v2-48v-100ah-5-12kwh-lifepo4-server-rack-battery-ul-1973-ul-9540a-lithium-battery-311","EG4 LifePower4 V2 48V 100Ah 5.12kWh LiFePO4 Server Rack Battery, UL 1973 & UL 9540A Lithium Battery","Solar panels","category","Listed under Solar panels but the product is a server rack battery; likely miscategorised"
"catalog-311","eg4-eg4-lifepower4-v2-48v-100ah-5-12kwh-lifepo4-server-rack-battery-ul-1973-ul-9540a-lithium-battery-311","EG4 LifePower4 V2 48V 100Ah 5.12kWh LiFePO4 Server Rack Battery, UL 1973 & UL 9540A Lithium Battery","Solar panels","thin or truncated source","Source text is truncated mid-sentence"
"catalog-311","eg4-eg4-lifepower4-v2-48v-100ah-5-12kwh-lifepo4-server-rack-battery-ul-1973-ul-9540a-lithium-battery-311","EG4 LifePower4 V2 48V 100Ah 5.12kWh LiFePO4 Server Rack Battery, UL 1973 & UL 9540A Lithium Battery","Solar panels","other","Source notes current production uses an auto-addressing BMS without DIP switches, so DIP-switch settings may not apply to every unit"
"catalog-75","eg4-eg4-line-set-pre-charged-26-ft-1-2-in-r32-18k-24k-indoor-unit-24k-ac-dc-single-zone-75","EG4 Line Set Pre-Charged 26 ft. 1/2 in. | R32 | 18k & 24k Indoor Unit | 24k AC/DC Single Zone","Portable power","category","Listed under Portable power but the product is a mini-split refrigerant line set; likely miscategorised"
"catalog-75","eg4-eg4-line-set-pre-charged-26-ft-1-2-in-r32-18k-24k-indoor-unit-24k-ac-dc-single-zone-75","EG4 Line Set Pre-Charged 26 ft. 1/2 in. | R32 | 18k & 24k Indoor Unit | 24k AC/DC Single Zone","Portable power","other","Name references a 24k AC/DC single zone system that the source does not describe"
"catalog-313","eg4-eg4-outdoor-wallmount-48v-14-34kwh-280ah-all-weather-lifepo4-battery-heated-ip65-ul-9540-lithium-battery-313","EG4 Outdoor WallMount 48V 14.34kWh 280Ah All Weather LiFePO4 Battery, Heated IP65 UL 9540 Lithium Battery","Batteries","thin or truncated source","Source text is truncated mid-sentence"
"catalog-313","eg4-eg4-outdoor-wallmount-48v-14-34kwh-280ah-all-weather-lifepo4-battery-heated-ip65-ul-9540-lithium-battery-313","EG4 Outdoor WallMount 48V 14.34kWh 280Ah All Weather LiFePO4 Battery, Heated IP65 UL 9540 Lithium Battery","Batteries","other","Name states 14.34kWh while the manufacturer text says 14.3kWh"
"catalog-76","eg4-eg4-solar-charge-controller-mppt-500vdc-100a-mppt100-48hv-76","EG4 Solar Charge Controller MPPT | 500VDC 100A | MPPT100-48HV","Batteries","category","Listed under Batteries but the product is a solar charge controller; likely miscategorised"
"catalog-76","eg4-eg4-solar-charge-controller-mppt-500vdc-100a-mppt100-48hv-76","EG4 Solar Charge Controller MPPT | 500VDC 100A | MPPT100-48HV","Batteries","other","Source text contained leftover web page markup"
"catalog-77","eg4-eg4-wallmount-indoor-battery-48v-280ah-14-3kwh-77","EG4 WallMount Indoor Battery | 48V 280Ah | 14.3kWh","Solar panels","category","Listed under Solar panels but the product is a battery; likely miscategorised"
"catalog-89","signature-solar-emp-dc-shield-48v-89","EMP DC Shield | 48V","Batteries","category","Listed under Batteries but the product is a surge and EMP protector; likely miscategorised"
"catalog-89","signature-solar-emp-dc-shield-48v-89","EMP DC Shield | 48V","Batteries","other","Source text contained leftover web page markup"
"catalog-89","signature-solar-emp-dc-shield-48v-89","EMP DC Shield | 48V","Batteries","other","EMP and solar flare protection claims are manufacturer statements"
"catalog-90","signature-solar-emp-home-lightning-shield-120-240v-90","EMP Home & Lightning Shield | 120/240V","Home integration","other","Source says it protects an entire home and vehicle; the vehicle claim is not explained"
"catalog-90","signature-solar-emp-home-lightning-shield-120-240v-90","EMP Home & Lightning Shield | 120/240V","Home integration","other","EMP protection claims are manufacturer statements"
"catalog-91","signature-solar-emp-shield-600-volt-dc-for-large-solar-applications-91","EMP Shield 600 Volt DC for Large Solar Applications","Portable power","category","Listed under Portable power but the product is a DC surge and EMP protector; likely miscategorised"
"catalog-91","signature-solar-emp-shield-600-volt-dc-for-large-solar-applications-91","EMP Shield 600 Volt DC for Large Solar Applications","Portable power","thin or truncated source","thin source"
"catalog-92","signature-solar-emp-shield-dc-220-300v-solar-system-emp-protection-92","EMP Shield DC 220-300V Solar System EMP Protection","Portable power","category","Listed under Portable power but the product is a DC surge and EMP protector; likely miscategorised"
"catalog-92","signature-solar-emp-shield-dc-220-300v-solar-system-emp-protection-92","EMP Shield DC 220-300V Solar System EMP Protection","Portable power","thin or truncated source","thin source"
"catalog-93","signature-solar-emp-shield-dual-220-300-volt-dc-solar-panel-wind-93","EMP Shield Dual 220-300 Volt DC Solar Panel / Wind","Solar panels","category","Listed under Solar panels but the product is a DC surge and EMP protector; likely miscategorised"
"catalog-93","signature-solar-emp-shield-dual-220-300-volt-dc-solar-panel-wind-93","EMP Shield Dual 220-300 Volt DC Solar Panel / Wind","Solar panels","other","Source does not explain what the Dual designation means"
"catalog-93","signature-solar-emp-shield-dual-220-300-volt-dc-solar-panel-wind-93","EMP Shield Dual 220-300 Volt DC Solar Panel / Wind","Solar panels","thin or truncated source","thin source"
"catalog-94","signature-solar-emp-shield-dual-300-420-volt-dc-solar-wind-94","EMP Shield Dual 300-420 Volt DC Solar / Wind","Portable power","category","Listed under Portable power but the product is a DC surge and EMP protector; likely miscategorised"
"catalog-94","signature-solar-emp-shield-dual-300-420-volt-dc-solar-wind-94","EMP Shield Dual 300-420 Volt DC Solar / Wind","Portable power","other","Source does not explain what the Dual designation means"
"catalog-94","signature-solar-emp-shield-dual-300-420-volt-dc-solar-wind-94","EMP Shield Dual 300-420 Volt DC Solar / Wind","Portable power","thin or truncated source","thin source"
"catalog-95","signature-solar-emp-shield-dual-dc-max-600v-for-large-solar-applications-95","EMP Shield Dual DC MAX 600V For Large Solar Applications","Portable power","category","Listed under Portable power but the product is a DC surge and EMP protector; likely miscategorised"
"catalog-95","signature-solar-emp-shield-dual-dc-max-600v-for-large-solar-applications-95","EMP Shield Dual DC MAX 600V For Large Solar Applications","Portable power","other","Source does not explain what the Dual designation means"
"catalog-95","signature-solar-emp-shield-dual-dc-max-600v-for-large-solar-applications-95","EMP Shield Dual DC MAX 600V For Large Solar Applications","Portable power","thin or truncated source","thin source"
"catalog-96","signature-solar-emp-shield-emp-lightning-protection-for-vehicles-96","EMP Shield EMP & Lightning Protection for Vehicles","Whole-home backup","category","Listed under Whole-home backup but the product is a vehicle surge and EMP protector; likely miscategorised"
"catalog-96","signature-solar-emp-shield-emp-lightning-protection-for-vehicles-96","EMP Shield EMP & Lightning Protection for Vehicles","Whole-home backup","rating or data conflict","Manufacturer text describes whole-home protection, which conflicts with the vehicle product name"
"catalog-96","signature-solar-emp-shield-emp-lightning-protection-for-vehicles-96","EMP Shield EMP & Lightning Protection for Vehicles","Whole-home backup","thin or truncated source","thin source"
"catalog-97","signature-solar-emp-shield-home-emp-lightning-protection-cme-defense-concealed-model-97","EMP Shield Home EMP & Lightning Protection + CME Defense Concealed Model","Whole-home backup","category","Listed under Whole-home backup but the product is a surge and EMP protector; likely miscategorised"
"catalog-97","signature-solar-emp-shield-home-emp-lightning-protection-cme-defense-concealed-model-97","EMP Shield Home EMP & Lightning Protection + CME Defense Concealed Model","Whole-home backup","other","Source does not explain what makes this the concealed model"
"catalog-97","signature-solar-emp-shield-home-emp-lightning-protection-cme-defense-concealed-model-97","EMP Shield Home EMP & Lightning Protection + CME Defense Concealed Model","Whole-home backup","thin or truncated source","thin source"
"catalog-98","signature-solar-emp-shield-portable-for-rv-s-renters-travel-campers-and-camping-98","EMP Shield Portable for RV's, Renters, Travel Campers, and Camping","Portable power","category","Listed under Portable power but the product is a surge and EMP protector; possibly miscategorised"
"catalog-98","signature-solar-emp-shield-portable-for-rv-s-renters-travel-campers-and-camping-98","EMP Shield Portable for RV's, Renters, Travel Campers, and Camping","Portable power","other","Source does not say how the portable unit connects"
"catalog-98","signature-solar-emp-shield-portable-for-rv-s-renters-travel-campers-and-camping-98","EMP Shield Portable for RV's, Renters, Travel Campers, and Camping","Portable power","thin or truncated source","thin source"
"catalog-99","signature-solar-emp-shield-single-dc-300-420-volt-solar-wind-emp-protection-99","EMP Shield Single DC 300-420 Volt Solar / Wind EMP Protection","Portable power","category","Listed under Portable power but the product is a DC surge and EMP protector; likely miscategorised"
"catalog-99","signature-solar-emp-shield-single-dc-300-420-volt-solar-wind-emp-protection-99","EMP Shield Single DC 300-420 Volt Solar / Wind EMP Protection","Portable power","thin or truncated source","thin source"
"catalog-100","signature-solar-emp-shield-whole-home-generator-emp-shielding-lightning-protection-100","EMP Shield Whole Home Generator EMP Shielding & Lightning Protection","Whole-home backup","category","Listed under Whole-home backup but the product is a surge and EMP protector; likely miscategorised"
"catalog-100","signature-solar-emp-shield-whole-home-generator-emp-shielding-lightning-protection-100","EMP Shield Whole Home Generator EMP Shielding & Lightning Protection","Whole-home backup","thin or truncated source","thin source"
"catalog-101","signature-solar-emporia-ev-charger-black-nema-14-50-j1772-101","Emporia EV Charger | Black | NEMA 14-50 | J1772","EV chargers","other","Claim that it was named best Level 2 charger by publications is unverifiable and omitted"
"catalog-314","current-connected-eneramp-5-slot-server-battery-rack-fits-5x-endurance-5-48v-100ah-batteries-314","Eneramp 5-Slot Server Battery Rack, Fits 5x Endurance 5 48V 100Ah Batteries","Batteries","category","Listed under Batteries but the product is a battery rack; likely miscategorised"
"catalog-314","current-connected-eneramp-5-slot-server-battery-rack-fits-5x-endurance-5-48v-100ah-batteries-314","Eneramp 5-Slot Server Battery Rack, Fits 5x Endurance 5 48V 100Ah Batteries","Batteries","other","Catalog capacity value describes five installed batteries, not the rack itself"
"catalog-315","current-connected-eneramp-endurance-5-48v-100ah-lifepo4-server-rack-battery-5-12kwh-energy-storage-ul-1973-lithium-battery--315","Eneramp Endurance 5 48V 100Ah LiFePO4 Server Rack Battery, 5.12kWh Energy Storage, UL 1973 Lithium Battery for Residential and Commercial","Batteries","other","Source text contains fragments of retailer references, removed from copy"
"catalog-315","current-connected-eneramp-endurance-5-48v-100ah-lifepo4-server-rack-battery-5-12kwh-energy-storage-ul-1973-lithium-battery--315","Eneramp Endurance 5 48V 100Ah LiFePO4 Server Rack Battery, 5.12kWh Energy Storage, UL 1973 Lithium Battery for Residential and Commercial","Batteries","thin or truncated source","Source text is truncated"
"catalog-315","current-connected-eneramp-endurance-5-48v-100ah-lifepo4-server-rack-battery-5-12kwh-energy-storage-ul-1973-lithium-battery--315","Eneramp Endurance 5 48V 100Ah LiFePO4 Server Rack Battery, 5.12kWh Energy Storage, UL 1973 Lithium Battery for Residential and Commercial","Batteries","other","Claims of compatibility with all major inverter brands and US-held firmware are manufacturer statements"
"catalog-108","signature-solar-enphase-iq-cable-spool-300-meter-108","Enphase IQ Cable Spool | 300 Meter","Solar panels","category","Listed under Solar panels but the product is a trunk cable; likely miscategorised"
"catalog-108","signature-solar-enphase-iq-cable-spool-300-meter-108","Enphase IQ Cable Spool | 300 Meter","Solar panels","other","Source text contained leftover web page markup"
"catalog-109","signature-solar-enphase-iq-combiner-5-109","Enphase IQ Combiner 5","Batteries","category","Listed under Batteries but the product is a combiner; likely miscategorised"
"catalog-110","signature-solar-enphase-iq-gateway-110","Enphase IQ Gateway","Batteries","category","Listed under Batteries but the product is a monitoring gateway; likely miscategorised"
"catalog-111","signature-solar-enphase-iq-load-controller-111","Enphase IQ Load Controller","Batteries","category","Listed under Batteries but the product is a load controller; likely miscategorised"
"catalog-111","signature-solar-enphase-iq-load-controller-111","Enphase IQ Load Controller","Batteries","other","Source describes 120 VAC loads as L-L, which is unusual wording"
"catalog-114","signature-solar-enphase-iq8ac-microinverter-114","Enphase IQ8AC Microinverter","Batteries","category","Listed under Batteries but the product is a microinverter; likely miscategorised"
"catalog-115","signature-solar-enphase-iq8hc-72-m-dom-us-microinverter-115","Enphase IQ8HC-72-M-DOM-US Microinverter","Accessories","rating or data conflict","Source lists an IQ8AC Microinverter in the box, which conflicts with the IQ8HC product name"
"catalog-115","signature-solar-enphase-iq8hc-72-m-dom-us-microinverter-115","Enphase IQ8HC-72-M-DOM-US Microinverter","Accessories","other","Source gives no IQ8HC-specific ratings"
"catalog-116","signature-solar-enphase-iq8mc-microinverter-116","Enphase IQ8MC Microinverter","Batteries","category","Listed under Batteries but the product is a microinverter; likely miscategorised"
"catalog-317","current-connected-epoch-12v-105ah-group-24-heated-bluetooth-lifepo4-battery-317","Epoch 12V 105Ah – Group 24 – Heated & Bluetooth LiFePO4 Battery","Batteries","other","Heating is named in the title but not described in the source"
"catalog-319","current-connected-epoch-12v-300ah-heated-bluetooth-lifepo4-battery-epoch-essentials-319","Epoch 12V 300Ah Heated & Bluetooth LiFePO4 Battery – Epoch Essentials","Batteries","other","Heating is named in the title but not described in the source"
"catalog-320","current-connected-epoch-12v-460ah-heated-and-bluetooth-lifepo4-battery-epoch-essentials-320","Epoch 12V 460Ah – Heated and Bluetooth – LiFePO4 Battery – Epoch Essentials","Batteries","other","Heating is named in the title but not described in the source"
"catalog-322","current-connected-epoch-elite-series-v2-12v-460ah-5-89kwh-lifepo4-battery-for-rv-and-marine-group-8d-ip67-ul-listed-322","Epoch Elite Series V2 12V 460Ah 5.89kWh LiFePO4 Battery for RV and Marine, Group 8D, IP67, UL Listed","Accessories","category","Listed under Accessories but the product is a battery; likely miscategorised"
"catalog-324","current-connected-epoch-v2-elite-series-48v-100ah-5-12kwh-lifepo4-battery-heated-and-bluetooth-ip67-marine-lithium-battery-324","Epoch V2 Elite Series 48V 100Ah 5.12kWh LiFePO4 Battery, Heated and Bluetooth IP67 Marine Lithium Battery","Batteries","thin or truncated source","Source text is truncated"
"catalog-325","fortress-power-fortress-power-eflex-max-48v-5-4kwh-105ah-lifepo4-battery-ip65-saltwater-proof-aluminum-enclosure-8-000-c-325","Fortress Power eFlex MAX 48V 5.4kWh 105Ah LiFePO4 Battery, IP65 Saltwater-Proof Aluminum Enclosure, 8,000+ Cycle Life","Batteries","rating or data conflict","Catalog rated output of 2 W matches idle consumption, not output; ignored"
"catalog-325","fortress-power-fortress-power-eflex-max-48v-5-4kwh-105ah-lifepo4-battery-ip65-saltwater-proof-aluminum-enclosure-8-000-c-325","Fortress Power eFlex MAX 48V 5.4kWh 105Ah LiFePO4 Battery, IP65 Saltwater-Proof Aluminum Enclosure, 8,000+ Cycle Life","Batteries","thin or truncated source","Source text is truncated"
"catalog-326","fortress-power-fortress-power-envy-10kw-48v-all-in-one-hybrid-inverter-15kw-solar-input-dual-mppt-60a-ac-passthrough-bui-326","Fortress Power Envy 10kW 48V All-in-One Hybrid Inverter, 15kW Solar Input, Dual MPPT, 60A AC Passthrough, Built-In Rapid Shutdown, IP65, UL 1741","Solar panels","other","Catalog capacity value appears to belong to a paired Fortress battery, not the inverter"
"catalog-326","fortress-power-fortress-power-envy-10kw-48v-all-in-one-hybrid-inverter-15kw-solar-input-dual-mppt-60a-ac-passthrough-bui-326","Fortress Power Envy 10kW 48V All-in-One Hybrid Inverter, 15kW Solar Input, Dual MPPT, 60A AC Passthrough, Built-In Rapid Shutdown, IP65, UL 1741","Solar panels","category","Listed under Solar panels but the product is a hybrid inverter; likely miscategorised"
"catalog-326","fortress-power-fortress-power-envy-10kw-48v-all-in-one-hybrid-inverter-15kw-solar-input-dual-mppt-60a-ac-passthrough-bui-326","Fortress Power Envy 10kW 48V All-in-One Hybrid Inverter, 15kW Solar Input, Dual MPPT, 60A AC Passthrough, Built-In Rapid Shutdown, IP65, UL 1741","Solar panels","thin or truncated source","Source text is truncated"
"catalog-327","fortress-power-fortress-power-envy-8kw-48v-all-in-one-hybrid-inverter-13kw-solar-input-dual-mppt-60a-ac-passthrough-buil-327","Fortress Power Envy 8kW 48V All-in-One Hybrid Inverter, 13kW Solar Input, Dual MPPT, 60A AC Passthrough, Built-In Rapid Shutdown, IP65, UL 1741","Solar panels","other","Catalog capacity value appears to belong to a paired Fortress battery, not the inverter"
"catalog-327","fortress-power-fortress-power-envy-8kw-48v-all-in-one-hybrid-inverter-13kw-solar-input-dual-mppt-60a-ac-passthrough-buil-327","Fortress Power Envy 8kW 48V All-in-One Hybrid Inverter, 13kW Solar Input, Dual MPPT, 60A AC Passthrough, Built-In Rapid Shutdown, IP65, UL 1741","Solar panels","category","Listed under Solar panels but the product is a hybrid inverter; likely miscategorised"
"catalog-327","fortress-power-fortress-power-envy-8kw-48v-all-in-one-hybrid-inverter-13kw-solar-input-dual-mppt-60a-ac-passthrough-buil-327","Fortress Power Envy 8kW 48V All-in-One Hybrid Inverter, 13kW Solar Input, Dual MPPT, 60A AC Passthrough, Built-In Rapid Shutdown, IP65, UL 1741","Solar panels","thin or truncated source","Source text is truncated"
"catalog-328","fortress-power-fortress-power-envy-true-12kw-48v-all-in-one-hybrid-inverter-21kw-solar-input-3-mppts-200a-ac-passthrough-328","Fortress Power Envy True 12kW 48V All-in-One Hybrid Inverter, 21kW Solar Input, 3 MPPTs, 200A AC Passthrough, Built-In Rapid Shutdown, IP65, UL 1741","Solar panels","category","likely miscategorised: listed as Solar panels but is a hybrid inverter"
"catalog-328","fortress-power-fortress-power-envy-true-12kw-48v-all-in-one-hybrid-inverter-21kw-solar-input-3-mppts-200a-ac-passthrough-328","Fortress Power Envy True 12kW 48V All-in-One Hybrid Inverter, 21kW Solar Input, 3 MPPTs, 200A AC Passthrough, Built-In Rapid Shutdown, IP65, UL 1741","Solar panels","other","capacityWh 18500 does not appear in manufacturerText or name; not used"
"catalog-328","fortress-power-fortress-power-envy-true-12kw-48v-all-in-one-hybrid-inverter-21kw-solar-input-3-mppts-200a-ac-passthrough-328","Fortress Power Envy True 12kW 48V All-in-One Hybrid Inverter, 21kW Solar Input, 3 MPPTs, 200A AC Passthrough, Built-In Rapid Shutdown, IP65, UL 1741","Solar panels","thin or truncated source","manufacturerText is truncated mid-sentence"
"catalog-329","fortress-power-fortress-power-solo-6-5k-48v-non-export-hybrid-inverter-6-5kw-split-single-phase-dual-mppt-10kw-solar-inp-329","Fortress Power Solo 6.5K 48V Non-Export Hybrid Inverter, 6.5kW Split/Single-Phase, Dual MPPT 10kW Solar Input, 140A Battery Charger, UL 1741","Home integration","thin or truncated source","manufacturerText is truncated mid-sentence"
"catalog-120","signature-solar-goodwe-ev-charging-cable-plug-es-us-120","GoodWe | EV Charging Cable & Plug | ES-US","Home integration","other","manufacturerText contains leftover web markup"
"catalog-118","signature-solar-goodwe-11-4kw-hybrid-inverter-118","GoodWe 11.4kW Hybrid Inverter","Batteries","category","likely miscategorised: listed as Batteries but is a hybrid inverter"
"catalog-124","signature-solar-growatt-3kw-stackable-off-grid-inverter-spf-3000tl-lvm-24p-124","Growatt 3kW Stackable Off-Grid Inverter | SPF 3000TL LVM-24P","Solar panels","category","likely miscategorised: listed as Solar panels but is an off-grid inverter"
"catalog-125","signature-solar-growatt-3kw-stackable-off-grid-inverter-spf-3000tl-lvm-48p-wifi-f-125","Growatt 3kW Stackable Off-Grid Inverter | SPF 3000TL LVM-48P (WIFI-F)","Solar panels","category","likely miscategorised: listed as Solar panels but is an off-grid inverter"
"catalog-125","signature-solar-growatt-3kw-stackable-off-grid-inverter-spf-3000tl-lvm-48p-wifi-f-125","Growatt 3kW Stackable Off-Grid Inverter | SPF 3000TL LVM-48P (WIFI-F)","Solar panels","other","name says WIFI-F but manufacturerText says the Growatt USB WiFi monitoring device must be purchased separately; unclear whether it is included"
"catalog-127","signature-solar-growatt-5kw-split-phase-transformer-ats-5000t-es-127","Growatt 5kW Split Phase Transformer | ATS 5000T-ES","Whole-home backup","other","manufacturerText contained a retailer support statement; not used"
"catalog-127","signature-solar-growatt-5kw-split-phase-transformer-ats-5000t-es-127","Growatt 5kW Split Phase Transformer | ATS 5000T-ES","Whole-home backup","category","category Whole-home backup may not fit a split-phase transformer"
"catalog-131","signature-solar-growatt-charge-controller-sc4880-mpv-131","Growatt Charge Controller | SC4880-MPV","Batteries","category","likely miscategorised: listed as Batteries but is a charge controller"
"catalog-131","signature-solar-growatt-charge-controller-sc4880-mpv-131","Growatt Charge Controller | SC4880-MPV","Batteries","other","manufacturerText lists max MPPT operating voltage as both 250VDC and 250VOC; voltage figure not used"
"catalog-131","signature-solar-growatt-charge-controller-sc4880-mpv-131","Growatt Charge Controller | SC4880-MPV","Batteries","other","manufacturerText contains leftover web markup"
"catalog-136","signature-solar-hyundai-440w-pallet-of-bifacial-solar-panels-36-panels-136","Hyundai 440W Pallet of Bifacial Solar Panels | 36 Panels","Solar panels","other","manufacturerText describes a single panel; pallet count taken from product name only"
"catalog-137","signature-solar-hyundai-595w-bifacial-solar-panel-137","Hyundai 595W Bifacial Solar Panel","Solar panels","other","manufacturerText contains leftover web markup and a duplicated spec line"
"catalog-137","signature-solar-hyundai-595w-bifacial-solar-panel-137","Hyundai 595W Bifacial Solar Panel","Solar panels","other","manufacturerText includes a long-term output guarantee; not used"
"catalog-138","signature-solar-hyundai-595w-pallet-of-bifacial-solar-panels-36-panels-138","Hyundai 595W Pallet of Bifacial Solar Panels | 36 Panels","Solar panels","other","manufacturerText describes a single panel; pallet count taken from product name only"
"catalog-138","signature-solar-hyundai-595w-pallet-of-bifacial-solar-panels-36-panels-138","Hyundai 595W Pallet of Bifacial Solar Panels | 36 Panels","Solar panels","other","manufacturerText contains leftover web markup and a duplicated spec line"
"catalog-138","signature-solar-hyundai-595w-pallet-of-bifacial-solar-panels-36-panels-138","Hyundai 595W Pallet of Bifacial Solar Panels | 36 Panels","Solar panels","other","manufacturerText includes a long-term output guarantee; not used"
"catalog-330","current-connected-imo-3-pole-63a-cutover-transfer-switch-nema-4x-enclosed-changeover-switch-with-lockable-handle-330","IMO 3-Pole 63A Cutover Transfer Switch, NEMA 4X Enclosed Changeover Switch with Lockable Handle","Solar panels","thin or truncated source","thin source: manufacturerText describes the IMO isolator range generally, not this model"
"catalog-330","current-connected-imo-3-pole-63a-cutover-transfer-switch-nema-4x-enclosed-changeover-switch-with-lockable-handle-330","IMO 3-Pole 63A Cutover Transfer Switch, NEMA 4X Enclosed Changeover Switch with Lockable Handle","Solar panels","other","63A, NEMA 4X and lockable handle come from the product name only"
"catalog-330","current-connected-imo-3-pole-63a-cutover-transfer-switch-nema-4x-enclosed-changeover-switch-with-lockable-handle-330","IMO 3-Pole 63A Cutover Transfer Switch, NEMA 4X Enclosed Changeover Switch with Lockable Handle","Solar panels","category","likely miscategorised: listed as Solar panels but is a transfer switch"
"catalog-139","signature-solar-imo-dc-disconnect-rooftop-isolator-switch-8-pole-4-string-139","IMO DC Disconnect Rooftop Isolator Switch | 8 Pole | 4 String","Solar panels","other","manufacturerText contained a retailer support statement; not used"
"catalog-139","signature-solar-imo-dc-disconnect-rooftop-isolator-switch-8-pole-4-string-139","IMO DC Disconnect Rooftop Isolator Switch | 8 Pole | 4 String","Solar panels","category","likely miscategorised: listed as Solar panels but is a DC disconnect"
"catalog-140","signature-solar-indepwr-440w-pallet-of-bifacial-solar-panels-31-panels-140","Indepwr 440W Pallet of Bifacial Solar Panels | 31 Panels","Solar panels","other","manufacturerText describes a single panel; pallet count taken from product name only"
"catalog-141","signature-solar-indepwr-450w-pallet-of-bifacial-solar-panels-36-panels-141","Indepwr 450W Pallet of Bifacial Solar Panels | 36 Panels","Solar panels","other","manufacturerText describes a single panel; pallet count taken from product name only"
"catalog-141","signature-solar-indepwr-450w-pallet-of-bifacial-solar-panels-36-panels-141","Indepwr 450W Pallet of Bifacial Solar Panels | 36 Panels","Solar panels","other","manufacturerText contains leftover web markup"
"catalog-146","signature-solar-lg-16h-prime-battery-16kwh-400v-high-voltage-146","LG | 16H Prime Battery | 16kWh | 400V | High Voltage","Batteries","other","manufacturerText contained a retailer support statement and a registration link; not used"
"catalog-144","signature-solar-lg-enblock-s-battery-control-unit-144","LG enblock S | Battery Control Unit","Batteries","rating or data conflict","ratedOutputW 14000 conflicts with manufacturerText, which gives up to 14 kW only for two systems in parallel; figure not used"
"catalog-145","signature-solar-lg-enblock-s-battery-module-145","LG enblock S | Battery Module","Solar panels","rating or data conflict","capacityWh 10600 conflicts with manufacturerText, which gives 10.6 to 17.7kWh per stack, not per module; figure not used"
"catalog-145","signature-solar-lg-enblock-s-battery-module-145","LG enblock S | Battery Module","Solar panels","category","likely miscategorised: listed as Solar panels but is a battery module"
"catalog-331","midnite-solar-midnite-solar-12-string-3-output-combiner-for-multi-mppt-solar-inverters-nema-3r-outdoor-rated-331","MidNite Solar 12 String 3 Output Combiner For Multi-MPPT Solar Inverters – NEMA 3R Outdoor Rated","Home integration","other","manufacturerText includes coverage terms that belong to store policy; not used"
"catalog-332","midnite-solar-midnite-solar-ac-disconnect-micro-combiner-332","MidNite Solar AC Disconnect Micro Combiner","Home integration","other","manufacturerText uses promotional language and includes coverage terms that belong to store policy; not used"
"catalog-333","midnite-solar-midnite-solar-little-rosie-3648m-48vdc-3600w-120vac-inverter-60a-charger-neutral-ground-bonding-relay-inv-333","MidNite Solar Little Rosie 3648M 48Vdc 3600W 120Vac Inverter, 60A Charger, Neutral-Ground-Bonding Relay Inverter for Mobile, UL 458 & UL 1741","Solar panels","other","manufacturerText refers to Little Rosie RE in several places, including weight and dimensions; those figures not used"
"catalog-333","midnite-solar-midnite-solar-little-rosie-3648m-48vdc-3600w-120vac-inverter-60a-charger-neutral-ground-bonding-relay-inv-333","MidNite Solar Little Rosie 3648M 48Vdc 3600W 120Vac Inverter, 60A Charger, Neutral-Ground-Bonding Relay Inverter for Mobile, UL 458 & UL 1741","Solar panels","other","manufacturerText gives a 135F rating and a 60C test; temperature figures not used"
"catalog-333","midnite-solar-midnite-solar-little-rosie-3648m-48vdc-3600w-120vac-inverter-60a-charger-neutral-ground-bonding-relay-inv-333","MidNite Solar Little Rosie 3648M 48Vdc 3600W 120Vac Inverter, 60A Charger, Neutral-Ground-Bonding Relay Inverter for Mobile, UL 458 & UL 1741","Solar panels","category","likely miscategorised: listed as Solar panels but is an inverter-charger"
"catalog-333","midnite-solar-midnite-solar-little-rosie-3648m-48vdc-3600w-120vac-inverter-60a-charger-neutral-ground-bonding-relay-inv-333","MidNite Solar Little Rosie 3648M 48Vdc 3600W 120Vac Inverter, 60A Charger, Neutral-Ground-Bonding Relay Inverter for Mobile, UL 458 & UL 1741","Solar panels","thin or truncated source","manufacturerText is truncated mid-sentence"
"catalog-334","midnite-solar-midnite-solar-little-rosie-4548re-48vdc-4500w-120vac-inverter-60a-charger-ac-support-inverter-for-residen-334","MidNite Solar Little Rosie 4548RE 48Vdc 4500W 120Vac Inverter, 60A Charger, AC Support, Inverter for Residential Backup, UL 1741, Made in USA","Solar panels","other","AUX programming requires the separately listed MNGP2"
"catalog-334","midnite-solar-midnite-solar-little-rosie-4548re-48vdc-4500w-120vac-inverter-60a-charger-ac-support-inverter-for-residen-334","MidNite Solar Little Rosie 4548RE 48Vdc 4500W 120Vac Inverter, 60A Charger, AC Support, Inverter for Residential Backup, UL 1741, Made in USA","Solar panels","category","likely miscategorised: listed as Solar panels but is an inverter-charger"
"catalog-334","midnite-solar-midnite-solar-little-rosie-4548re-48vdc-4500w-120vac-inverter-60a-charger-ac-support-inverter-for-residen-334","MidNite Solar Little Rosie 4548RE 48Vdc 4500W 120Vac Inverter, 60A Charger, AC Support, Inverter for Residential Backup, UL 1741, Made in USA","Solar panels","thin or truncated source","manufacturerText is truncated mid-sentence"
"catalog-335","midnite-solar-midnite-solar-little-rosie-e-panel-for-residential-or-mobile-applications-includes-battery-breaker-and-ac-335","MidNite Solar Little Rosie E-Panel for Residential or Mobile Applications, Includes Battery Breaker and AC Input and Output Breakers","Solar panels","other","specific breakers come from the product name; manufacturerText does not list breaker ratings"
"catalog-335","midnite-solar-midnite-solar-little-rosie-e-panel-for-residential-or-mobile-applications-includes-battery-breaker-and-ac-335","MidNite Solar Little Rosie E-Panel for Residential or Mobile Applications, Includes Battery Breaker and AC Input and Output Breakers","Solar panels","category","likely miscategorised: listed as Solar panels but is a breaker enclosure"
"catalog-336","midnite-solar-midnite-solar-mngp2-talking-graphical-control-panel-and-display-programming-module-for-midnite-solar-devi-336","MidNite Solar MNGP2 Talking Graphical Control Panel and Display, Programming Module for MidNite Solar Devices","Solar panels","category","likely miscategorised: listed as Solar panels but is a control panel"
"catalog-336","midnite-solar-midnite-solar-mngp2-talking-graphical-control-panel-and-display-programming-module-for-midnite-solar-devi-336","MidNite Solar MNGP2 Talking Graphical Control Panel and Display, Programming Module for MidNite Solar Devices","Solar panels","thin or truncated source","manufacturerText is truncated mid-sentence"
"catalog-337","midnite-solar-midnite-solar-rosie-7048re-e-panel-prewired-48v-7kw-inverter-charger-with-breakers-and-surge-protective-d-337","MidNite Solar Rosie 7048RE & E-Panel (Prewired), 48V 7kW Inverter-Charger with Breakers and Surge Protective Devices, UL 1741","Solar panels","other","manufacturerText is promotional and mentions coverage terms; not used"
"catalog-337","midnite-solar-midnite-solar-rosie-7048re-e-panel-prewired-48v-7kw-inverter-charger-with-breakers-and-surge-protective-d-337","MidNite Solar Rosie 7048RE & E-Panel (Prewired), 48V 7kW Inverter-Charger with Breakers and Surge Protective Devices, UL 1741","Solar panels","other","included items inferred from wording such as comes equipped with and standard; please verify"
"catalog-337","midnite-solar-midnite-solar-rosie-7048re-e-panel-prewired-48v-7kw-inverter-charger-with-breakers-and-surge-protective-d-337","MidNite Solar Rosie 7048RE & E-Panel (Prewired), 48V 7kW Inverter-Charger with Breakers and Surge Protective Devices, UL 1741","Solar panels","category","likely miscategorised: listed as Solar panels but is an inverter-charger system"
"catalog-338","midnite-solar-midnite-solar-rosie-e-panel-ac-dc-enclosure-and-over-current-protection-device-rosie-breaker-box-with-60a-338","MidNite Solar Rosie E-Panel AC/DC Enclosure and Over Current Protection Device, Rosie Breaker Box with 60A AC In and AC Out Breakers","Solar panels","thin or truncated source","thin source"
"catalog-338","midnite-solar-midnite-solar-rosie-e-panel-ac-dc-enclosure-and-over-current-protection-device-rosie-breaker-box-with-60a-338","MidNite Solar Rosie E-Panel AC/DC Enclosure and Over Current Protection Device, Rosie Breaker Box with 60A AC In and AC Out Breakers","Solar panels","category","likely miscategorised: listed as Solar panels but is a breaker enclosure"
"catalog-339","midnite-solar-midnite-solar-the-kid-mppt-solar-charge-controller-for-lead-acid-and-lithium-batteries-dc-load-controller-339","MidNite Solar The KID MPPT Solar Charge Controller for Lead-Acid and Lithium Batteries, DC Load Controller with Automatic Genstart","Solar panels","category","likely miscategorised: listed as Solar panels but is a charge controller"
"catalog-339","midnite-solar-midnite-solar-the-kid-mppt-solar-charge-controller-for-lead-acid-and-lithium-batteries-dc-load-controller-339","MidNite Solar The KID MPPT Solar Charge Controller for Lead-Acid and Lithium Batteries, DC Load Controller with Automatic Genstart","Solar panels","thin or truncated source","manufacturerText is truncated mid-sentence"
"catalog-152","signature-solar-nep-30kw-neptune-30kw-3-phase-string-inverter-208-vac-152","NEP - 30kW | Neptune 30kW | 3 Phase String Inverter | 208 VAC","Solar panels","category","likely miscategorised: listed as Solar panels but is a string inverter"
"catalog-156","signature-solar-outback-power-energycell-5-battery-base-156","OutBack Power | EnergyCell 5 | Battery Base","Solar panels","category","likely miscategorised: listed as Solar panels but is a battery base"
"catalog-155","signature-solar-outback-power-energycell-5-battery-48v-100ah-155","OutBack Power | EnergyCell 5 Battery | 48V 100AH","Solar panels","category","likely miscategorised: listed as Solar panels but is a battery"
"catalog-155","signature-solar-outback-power-energycell-5-battery-48v-100ah-155","OutBack Power | EnergyCell 5 Battery | 48V 100AH","Solar panels","other","name says 48V; manufacturerText gives 51.2V nominal"
"catalog-157","signature-solar-outback-power-flexmax-100a-mppt-charge-controller-157","OutBack Power | FLEXmax 100A | MPPT Charge Controller","Batteries","category","likely miscategorised: listed as Batteries but is a charge controller"
"catalog-158","signature-solar-outback-power-flexmax-80a-mppt-charge-controller-158","OutBack Power | FLEXmax 80A | MPPT Charge Controller","Batteries","other","manufacturerText includes coverage terms that belong to store policy; not used"
"catalog-158","signature-solar-outback-power-flexmax-80a-mppt-charge-controller-158","OutBack Power | FLEXmax 80A | MPPT Charge Controller","Batteries","category","likely miscategorised: listed as Batteries but is a charge controller"
"catalog-159","signature-solar-outback-power-fxr-a-series-3-6kw-inverter-charger-45a-159","OutBack Power | FXR A-Series 3.6kW | Inverter Charger 45A","Batteries","category","likely miscategorised: listed as Batteries but is an inverter-charger"
"catalog-159","signature-solar-outback-power-fxr-a-series-3-6kw-inverter-charger-45a-159","OutBack Power | FXR A-Series 3.6kW | Inverter Charger 45A","Batteries","other","45A charger figure comes from the product name only"
"catalog-160","signature-solar-outback-power-hub-system-communications-manager-160","Outback Power | HUB System Communications Manager","Whole-home backup","category","category Whole-home backup may not fit a communications hub"
"catalog-162","signature-solar-outback-power-radian-load-center-162","OutBack Power | Radian Load Center","Whole-home backup","category","category Whole-home backup may not fit a load center enclosure"
"catalog-343","pytes-pytes-e-box-48100r-100ah-5-12kwh-server-rack-battery-ul-1973-ul-9540-lithium-battery-343","Pytes E-Box 48100R 100Ah 5.12kWh Server Rack Battery, UL 1973 & UL 9540 Lithium Battery","Batteries","other","manufacturerText has an incomplete sentence about SOLARMAN app monitoring"
"catalog-165","pytes-pytes-high-voltage-battery-control-unit-hv48100-165","Pytes High Voltage Battery Control Unit | HV48100","Solar panels","category","likely miscategorised: listed as Solar panels but is a battery control unit"
"catalog-167","pytes-pytes-high-voltage-hv48100-battery-module-167","Pytes High Voltage HV48100 Battery Module","Solar panels","other","capacityWh 25600 matches the minimum system size in manufacturerText, not a single module; figure not stated per module"
"catalog-167","pytes-pytes-high-voltage-hv48100-battery-module-167","Pytes High Voltage HV48100 Battery Module","Solar panels","category","likely miscategorised: listed as Solar panels but is a battery module"
"catalog-344","pytes-pytes-hv48100-12s-battery-cabinet-13-slot-battery-rack-for-pytes-v5-batteries-and-master-control-ip20-for-344","Pytes HV48100 12S Battery Cabinet, 13-Slot Battery Rack for Pytes V5 Batteries and Master Control, IP20 for Indoor Racking","Batteries","other","capacityWh (61440) is listed on a battery cabinet that stores no energy itself; the figure only applies when fully populated with HV48100 batteries"
"catalog-344","pytes-pytes-hv48100-12s-battery-cabinet-13-slot-battery-rack-for-pytes-v5-batteries-and-master-control-ip20-for-344","Pytes HV48100 12S Battery Cabinet, 13-Slot Battery Rack for Pytes V5 Batteries and Master Control, IP20 for Indoor Racking","Batteries","category","Category 'Batteries' may be better as a rack or accessory"
"catalog-169","pytes-pytes-hv48100-se-high-voltage-battery-module-51-2v-100ah-5-12kwh-169","Pytes HV48100 SE High Voltage Battery Module| 51.2V 100Ah 5.12kWh","Solar panels","category","Category 'Solar panels' looks wrong; this is a battery module"
"catalog-345","pytes-pytes-v-box-ic-stackable-indoor-3-slot-battery-rack-for-pytes-v5-lithium-batteries-galvanized-steel-345","Pytes V-Box-IC Stackable Indoor 3-Slot Battery Rack for Pytes V5 Lithium Batteries, Galvanized Steel","Batteries","other","capacityWh (5120) is listed on a rack that stores no energy itself; it equals one V5 battery, not the rack's full 15.36kWh"
"catalog-345","pytes-pytes-v-box-ic-stackable-indoor-3-slot-battery-rack-for-pytes-v5-lithium-batteries-galvanized-steel-345","Pytes V-Box-IC Stackable Indoor 3-Slot Battery Rack for Pytes V5 Lithium Batteries, Galvanized Steel","Batteries","category","Category 'Batteries' may be better as a rack or accessory"
"catalog-346","pytes-pytes-v-box-oc-4-slot-outdoor-battery-cabinet-for-pytes-v5-server-rack-lithium-batteries-ip55-galvanized--346","Pytes V-BOX-OC 4-Slot Outdoor Battery Cabinet for Pytes V5 Server Rack Lithium Batteries, IP55 Galvanized Steel Enclosure","Batteries","other","capacityWh (20480) is listed on a cabinet that stores no energy itself; it applies only when filled with four V5 batteries"
"catalog-346","pytes-pytes-v-box-oc-4-slot-outdoor-battery-cabinet-for-pytes-v5-server-rack-lithium-batteries-ip55-galvanized--346","Pytes V-BOX-OC 4-Slot Outdoor Battery Cabinet for Pytes V5 Server Rack Lithium Batteries, IP55 Galvanized Steel Enclosure","Batteries","rating or data conflict","Maximum system figure of 80kWh across 16 batteries does not match 16 x 5.12kWh; verify"
"catalog-346","pytes-pytes-v-box-oc-4-slot-outdoor-battery-cabinet-for-pytes-v5-server-rack-lithium-batteries-ip55-galvanized--346","Pytes V-BOX-OC 4-Slot Outdoor Battery Cabinet for Pytes V5 Server Rack Lithium Batteries, IP55 Galvanized Steel Enclosure","Batteries","category","Category 'Batteries' may be better as a cabinet or accessory"
"catalog-347","pytes-pytes-v10-48v-12kwh-9-98kwh-230ah-lifepo4-wall-mounted-battery-corrosion-resistant-ip66-lithium-battery-347","Pytes V10 48V 12kWh (9.98kWh) 230Ah LiFePO4 Wall-Mounted Battery, Corrosion Resistant IP66 Lithium Battery","Batteries","rating or data conflict","Capacity conflict: name and capacityWh say 12kWh, manufacturerText says 9.98kWh; no kWh figure used in copy"
"catalog-347","pytes-pytes-v10-48v-12kwh-9-98kwh-230ah-lifepo4-wall-mounted-battery-corrosion-resistant-ip66-lithium-battery-347","Pytes V10 48V 12kWh (9.98kWh) 230Ah LiFePO4 Wall-Mounted Battery, Corrosion Resistant IP66 Lithium Battery","Batteries","thin or truncated source","manufacturerText is truncated at the end"
"catalog-349","pytes-pytes-v5-48v-100ah-5-12kwh-lifepo4-server-rack-battery-heated-ul-9540-lithium-battery-for-ess-systems-349","Pytes V5 48V 100Ah 5.12kWh LiFePO4 Server Rack Battery, Heated UL 9540 Lithium Battery For ESS Systems","Solar panels","category","Category 'Solar panels' looks wrong; this is a battery"
"catalog-349","pytes-pytes-v5-48v-100ah-5-12kwh-lifepo4-server-rack-battery-heated-ul-9540-lithium-battery-for-ess-systems-349","Pytes V5 48V 100Ah 5.12kWh LiFePO4 Server Rack Battery, Heated UL 9540 Lithium Battery For ESS Systems","Solar panels","thin or truncated source","manufacturerText is truncated at the end"
"catalog-350","pytes-pytes-v5-48v-15-36kwh-indoor-bundle-with-v-box-ic-rack-350","Pytes V5 48V 15.36kWh Indoor Bundle with V-Box-IC Rack","Accessories","rating or data conflict","Capacity conflict: name says 15.36kWh, manufacturerText says 15.3kWh and 30.6kWh for two bundles; no kWh figure used in copy"
"catalog-350","pytes-pytes-v5-48v-15-36kwh-indoor-bundle-with-v-box-ic-rack-350","Pytes V5 48V 15.36kWh Indoor Bundle with V-Box-IC Rack","Accessories","category","Category 'Accessories' looks wrong; this is a battery bundle"
"catalog-351","pytes-pytes-v5-48v-20-48kwh-outdoor-bundle-with-v-box-oc-rack-351","Pytes V5 48V 20.48kWh Outdoor Bundle with V-Box-OC Rack","Batteries","rating or data conflict","Capacity conflict: name says 20.48kWh, manufacturerText says 20.4kWh and 40.8kWh for two bundles; no kWh figure used in copy"
"catalog-351","pytes-pytes-v5-48v-20-48kwh-outdoor-bundle-with-v-box-oc-rack-351","Pytes V5 48V 20.48kWh Outdoor Bundle with V-Box-OC Rack","Batteries","rating or data conflict","manufacturerText describes the V-Box-OC as an open-frame rolling rack, which conflicts with the IP55 enclosed V-BOX-OC cabinet listing (catalog-346); verify rack description"
"catalog-352","pytes-pytes-vr-box-ic-dual-fit-battery-cabinet-for-pytes-v5-and-pytes-e-box-holds-2-pytes-server-rack-batteries-352","Pytes VR-BOX-IC Dual Fit Battery Cabinet for Pytes V5 and Pytes E-Box, Holds 2 Pytes Server Rack Batteries for Mounting on Wall","Batteries","other","capacityWh (5120) is listed on a cabinet that stores no energy itself; it equals one battery, not the 10.24kWh full cabinet"
"catalog-352","pytes-pytes-vr-box-ic-dual-fit-battery-cabinet-for-pytes-v5-and-pytes-e-box-holds-2-pytes-server-rack-batteries-352","Pytes VR-BOX-IC Dual Fit Battery Cabinet for Pytes V5 and Pytes E-Box, Holds 2 Pytes Server Rack Batteries for Mounting on Wall","Batteries","category","Category 'Batteries' may be better as a cabinet or accessory"
"catalog-356","current-connected-rich-solar-alpha-5-pro-48v-100ah-5-12kwh-lifepo4-server-rack-battery-ul-1973-ul-9540a-lithium-battery-356","Rich Solar ALPHA 5 PRO 48V 100Ah 5.12kWh LiFePO4 Server Rack Battery, UL 1973 & UL 9540A Lithium Battery","Batteries","other","manufacturerText mentions a heated model variant; unclear whether this listing is the heated version"
"catalog-175","signature-solar-sirius-pv-450w-monofacial-solar-panel-domestic-content-175","Sirius PV 450W Monofacial Solar Panel | Domestic Content","Solar panels","other","manufacturerText begins with leftover HTML/CSS markup that should be cleaned"
"catalog-176","signature-solar-sirius-pv-450w-pallet-of-monofacial-solar-panels-domestic-content-31-panels-176","Sirius PV 450W Pallet of Monofacial Solar Panels | Domestic Content | 31 Panels","Solar panels","other","manufacturerText begins with leftover HTML/CSS markup that should be cleaned"
"catalog-177","signature-solar-sirius-pv-630w-bifacial-solar-panel-177","Sirius PV 630W Bifacial Solar Panel","Solar panels","other","manufacturerText mentions a composite frame 'when equipped'; unclear whether this listing includes it"
"catalog-178","signature-solar-sirius-pv-pallet-of-630w-bifacial-solar-panels-36-panels-178","Sirius PV Pallet of 630W Bifacial Solar Panels | 36 Panels","Solar panels","other","manufacturerText mentions a composite frame 'when equipped'; unclear whether this pallet includes it"
"catalog-179","signature-solar-softstartusa-softstart-well-pump-179","SoftStartUSA | SoftStart Well Pump","Solar panels","category","Category 'Solar panels' looks wrong; this is a well pump soft starter"
"catalog-179","signature-solar-softstartusa-softstart-well-pump-179","SoftStartUSA | SoftStart Well Pump","Solar panels","rating or data conflict","Idle power consumption value is blank in manufacturerText"
"catalog-181","signature-solar-softstartusa-softstarthome-6-181","SoftStartUSA | SoftStartHome 6","Batteries","category","Category 'Batteries' looks wrong; this is an HVAC soft starter"
"catalog-182","signature-solar-softstartusa-softstartrv-182","SoftStartUSA | SoftStartRV","Portable power","category","Category 'Portable power' may be better as an RV or HVAC accessory"
"catalog-183","signature-solar-softstartusa-softstartup-w-30a-power-adapter-183","SoftStartUSA | SoftStartUP w 30A Power Adapter","Batteries","category","Category 'Batteries' looks wrong; this is an RV soft starter and adapter"
"catalog-183","signature-solar-softstartusa-softstartup-w-30a-power-adapter-183","SoftStartUSA | SoftStartUP w 30A Power Adapter","Batteries","other","Cable length claim ('stretching your electric connection by up to 6 inches') is unclear; not used"
"catalog-360","sol-ark-sol-ark-18k-2p-48v-hybrid-inverter-18kw-battery-output-28-8kw-solar-input-ip65-all-in-one-inverter-ul-174-360","Sol-Ark 18K-2P 48V Hybrid Inverter, 18kW Battery Output, 28.8kW Solar Input, IP65 All-in-One Inverter, UL 1741","Solar panels","category","Category 'Solar panels' looks wrong; this is a hybrid inverter"
"catalog-360","sol-ark-sol-ark-18k-2p-48v-hybrid-inverter-18kw-battery-output-28-8kw-solar-input-ip65-all-in-one-inverter-ul-174-360","Sol-Ark 18K-2P 48V Hybrid Inverter, 18kW Battery Output, 28.8kW Solar Input, IP65 All-in-One Inverter, UL 1741","Solar panels","thin or truncated source","manufacturerText is truncated at the end"
"catalog-363","sol-ark-sol-ark-limitless-12k-2p-ll-hybrid-inverter-for-whole-home-backup-grid-sellback-and-off-grid-power-nema-3-363","Sol-Ark Limitless 12K-2P-LL Hybrid Inverter for Whole Home Backup, Grid Sellback, and Off-Grid Power, NEMA 3R","Solar panels","category","Category 'Solar panels' looks wrong; this is a hybrid inverter"
"catalog-363","sol-ark-sol-ark-limitless-12k-2p-ll-hybrid-inverter-for-whole-home-backup-grid-sellback-and-off-grid-power-nema-3-363","Sol-Ark Limitless 12K-2P-LL Hybrid Inverter for Whole Home Backup, Grid Sellback, and Off-Grid Power, NEMA 3R","Solar panels","other","manufacturerText contains retailer voice ('banks we stock'); not used"
"catalog-363","sol-ark-sol-ark-limitless-12k-2p-ll-hybrid-inverter-for-whole-home-backup-grid-sellback-and-off-grid-power-nema-3-363","Sol-Ark Limitless 12K-2P-LL Hybrid Inverter for Whole Home Backup, Grid Sellback, and Off-Grid Power, NEMA 3R","Solar panels","thin or truncated source","manufacturerText is truncated at the end"
"catalog-364","sol-ark-sol-ark-sa-ct-lg-200a-current-transformer-pair-larger-aperture-for-4-0-awg-service-conductors-replaces-st-364","Sol-Ark SA-CT-LG 200A Current Transformer Pair, Larger Aperture for 4/0 AWG Service Conductors, Replaces Stock 100A CTs on Sol-Ark Hybrid Inverters","Solar panels","category","Category 'Solar panels' looks wrong; this is an inverter accessory"
"catalog-186","signature-solar-solatrim-solember-and-pest-abatement-barrier-5-5-100-ft-25-panels-186","SolaTrim | SolEmber and Pest Abatement Barrier - 5.5"" | 100 ft (25 Panels)","Portable power","other","manufacturerText begins with leftover HTML/CSS markup that should be cleaned"
"catalog-186","signature-solar-solatrim-solember-and-pest-abatement-barrier-5-5-100-ft-25-panels-186","SolaTrim | SolEmber and Pest Abatement Barrier - 5.5"" | 100 ft (25 Panels)","Portable power","category","Category 'Portable power' looks wrong; this is a solar array accessory"
"catalog-184","signature-solar-solatrim-solar-panel-pest-abatement-barrier-4-5-100-ft-25-panels-184","SolaTrim Solar Panel Pest Abatement Barrier – 4.5"" | 100 ft (25 Panels)","Solar panels","other","manufacturerText contains leftover HTML/CSS markup that should be cleaned"
"catalog-184","signature-solar-solatrim-solar-panel-pest-abatement-barrier-4-5-100-ft-25-panels-184","SolaTrim Solar Panel Pest Abatement Barrier – 4.5"" | 100 ft (25 Panels)","Solar panels","category","Category 'Solar panels' looks wrong; this is a solar array accessory"
"catalog-185","signature-solar-solatrim-solar-panel-pest-abatement-barrier-5-5-100-ft-25-panels-185","SolaTrim Solar Panel Pest Abatement Barrier – 5.5"" | 100 ft (25 Panels)","Solar panels","other","manufacturerText contains leftover HTML/CSS markup that should be cleaned"
"catalog-185","signature-solar-solatrim-solar-panel-pest-abatement-barrier-5-5-100-ft-25-panels-185","SolaTrim Solar Panel Pest Abatement Barrier – 5.5"" | 100 ft (25 Panels)","Solar panels","category","Category 'Solar panels' looks wrong; this is a solar array accessory"
"catalog-194","signature-solar-solis-60kw-three-phase-inverter-194","Solis | 60kW Three Phase Inverter","Home integration","other","manufacturerText begins with leftover HTML/CSS markup that should be cleaned"
"catalog-194","signature-solar-solis-60kw-three-phase-inverter-194","Solis | 60kW Three Phase Inverter","Home integration","rating or data conflict","No model number given; differs from catalog-195 (8 MPPT vs 4 MPPT), verify which Solis 60kW model this is"
"catalog-187","signature-solar-solis-s6-11-4kw-high-voltage-hybrid-inverter-rss-model-187","Solis S6 11.4kW High Voltage Hybrid Inverter (RSS Model)","Solar panels","rating or data conflict","capacityWh (150000) reflects maximum battery storage supported per inverter, not the inverter's own capacity"
"catalog-187","signature-solar-solis-s6-11-4kw-high-voltage-hybrid-inverter-rss-model-187","Solis S6 11.4kW High Voltage Hybrid Inverter (RSS Model)","Solar panels","category","Category 'Solar panels' looks wrong; this is a hybrid inverter"
"catalog-188","signature-solar-solis-s6-11-4kw-single-phase-high-voltage-energy-storage-hybrid-inverter-s6-eh1p11-4k-h-us-rss-rgm-188","Solis S6 11.4kW Single Phase High Voltage Energy Storage Hybrid Inverter | S6-EH1P11.4K-H-US-RSS-RGM","Solar panels","other","manufacturerText is identical to the RSS model (catalog-187) and does not describe what the RGM version adds"
"catalog-188","signature-solar-solis-s6-11-4kw-single-phase-high-voltage-energy-storage-hybrid-inverter-s6-eh1p11-4k-h-us-rss-rgm-188","Solis S6 11.4kW Single Phase High Voltage Energy Storage Hybrid Inverter | S6-EH1P11.4K-H-US-RSS-RGM","Solar panels","rating or data conflict","capacityWh (150000) reflects maximum battery storage supported per inverter, not the inverter's own capacity"
"catalog-188","signature-solar-solis-s6-11-4kw-single-phase-high-voltage-energy-storage-hybrid-inverter-s6-eh1p11-4k-h-us-rss-rgm-188","Solis S6 11.4kW Single Phase High Voltage Energy Storage Hybrid Inverter | S6-EH1P11.4K-H-US-RSS-RGM","Solar panels","category","Category 'Solar panels' looks wrong; this is a hybrid inverter"
"catalog-189","signature-solar-solis-s6-7-6kw-high-voltage-hybrid-inverter-rss-model-189","Solis S6 7.6kW High Voltage Hybrid Inverter (RSS Model)","Solar panels","category","Category 'Solar panels' looks wrong; this is a hybrid inverter"
"catalog-190","signature-solar-solis-s6-7-6kw-single-phase-high-voltage-energy-storage-hybrid-inverter-s6-eh1p7-6k-h-us-rss-rgm-190","Solis S6 7.6kW Single Phase High Voltage Energy Storage Hybrid Inverter | S6-EH1P7.6K-H-US-RSS-RGM","Home integration","rating or data conflict","capacityWh (150000) reflects maximum battery storage supported per inverter, not the inverter's own capacity"
"catalog-190","signature-solar-solis-s6-7-6kw-single-phase-high-voltage-energy-storage-hybrid-inverter-s6-eh1p7-6k-h-us-rss-rgm-190","Solis S6 7.6kW Single Phase High Voltage Energy Storage Hybrid Inverter | S6-EH1P7.6K-H-US-RSS-RGM","Home integration","thin or truncated source","manufacturerText is truncated at the end"
"catalog-365","st-ubli-st-ubli-mc4-and-mc4-evo-2-connector-installation-crimper-tool-set-tools-to-attain-ul-rating-for-mc4-and-m-365","Stäubli MC4 and MC4-Evo 2 Connector Installation Crimper Tool Set, Tools to Attain UL Rating for MC4 and MC4-Evo 2 Connectors","Accessories","thin or truncated source","thin source"
"catalog-365","st-ubli-st-ubli-mc4-and-mc4-evo-2-connector-installation-crimper-tool-set-tools-to-attain-ul-rating-for-mc4-and-m-365","Stäubli MC4 and MC4-Evo 2 Connector Installation Crimper Tool Set, Tools to Attain UL Rating for MC4 and MC4-Evo 2 Connectors","Accessories","other","manufacturerText is a placeholder ('Description in Payload') with no product details"
"catalog-196","signature-solar-sunearth-cascade-2-solar-water-heating-system-120-gallon-w-4-tr-20-196","SunEarth | Cascade 2 Solar Water Heating System | 120 Gallon w/ 4 TR-20","Batteries","category","Category 'Batteries' looks wrong; this is a solar water heating system"
"catalog-196","signature-solar-sunearth-cascade-2-solar-water-heating-system-120-gallon-w-4-tr-20-196","SunEarth | Cascade 2 Solar Water Heating System | 120 Gallon w/ 4 TR-20","Batteries","other","Max collector area (96 sq ft) is the same as the 80-gallon, 3-collector version; verify"
"catalog-197","signature-solar-sunearth-cascade-2-solar-water-heating-system-80-gallon-w-3-tr-20-197","SunEarth | Cascade 2 Solar Water Heating System | 80 Gallon w/ 3 TR-20","Batteries","category","Category 'Batteries' looks wrong; this is a solar water heating system"
"catalog-197","signature-solar-sunearth-cascade-2-solar-water-heating-system-80-gallon-w-3-tr-20-197","SunEarth | Cascade 2 Solar Water Heating System | 80 Gallon w/ 3 TR-20","Batteries","other","Max collector area (96 sq ft) is the same as the 120-gallon, 4-collector version; verify"
"catalog-200","tigo-energy-tigo-11-4kw-energy-storage-hybrid-inverter-200","Tigo 11.4kW Energy Storage Hybrid Inverter","Solar panels","category","Category 'Solar panels' looks wrong; this is a hybrid inverter"
"catalog-200","tigo-energy-tigo-11-4kw-energy-storage-hybrid-inverter-200","Tigo 11.4kW Energy Storage Hybrid Inverter","Solar panels","other","Header mentions '10KW Whole Home BackUp' alongside the 11.4kW name; not used"
"catalog-201","tigo-energy-tigo-200a-mcb-auto-transfer-switch-ats-backup-grid-201","Tigo 200A MCB Auto Transfer Switch (ATS) | Backup/Grid","Solar panels","category","Category 'Solar panels' looks wrong; this is an automatic transfer switch."
"catalog-201","tigo-energy-tigo-200a-mcb-auto-transfer-switch-ats-backup-grid-201","Tigo 200A MCB Auto Transfer Switch (ATS) | Backup/Grid","Solar panels","other","Source text contained leftover HTML markup, which was ignored."
"catalog-202","tigo-energy-tigo-200a-mcb-auto-transfer-switch-backup-grid-generator-202","Tigo 200A MCB Auto Transfer Switch | Backup/Grid/Generator","Solar panels","category","Category 'Solar panels' looks wrong; this is an automatic transfer switch."
"catalog-203","tigo-energy-tigo-3-8kw-energy-storage-hybrid-inverter-203","Tigo 3.8kW Energy Storage Hybrid Inverter","Solar panels","category","Category 'Solar panels' looks wrong; this is a hybrid inverter."
"catalog-203","tigo-energy-tigo-3-8kw-energy-storage-hybrid-inverter-203","Tigo 3.8kW Energy Storage Hybrid Inverter","Solar panels","other","Source lists the same 32.3 lb weight for the 3.8kW and 7.6kW models; worth verifying."
"catalog-204","tigo-energy-tigo-50a-mlo-auto-transfer-switch-ats-backup-grid-204","Tigo 50A MLO Auto Transfer Switch (ATS) | Backup/Grid","Batteries","category","Category 'Batteries' looks wrong; this is an automatic transfer switch."
"catalog-205","tigo-energy-tigo-7-6kw-energy-storage-hybrid-inverter-205","Tigo 7.6kW Energy Storage Hybrid Inverter","Solar panels","category","Category 'Solar panels' looks wrong; this is a hybrid inverter."
"catalog-205","tigo-energy-tigo-7-6kw-energy-storage-hybrid-inverter-205","Tigo 7.6kW Energy Storage Hybrid Inverter","Solar panels","other","Source heading reads '7.6KW WH BackUp', which mixes units; not used."
"catalog-205","tigo-energy-tigo-7-6kw-energy-storage-hybrid-inverter-205","Tigo 7.6kW Energy Storage Hybrid Inverter","Solar panels","other","Source lists the same 32.3 lb weight as the 3.8kW model; worth verifying."
"catalog-366","tigo-energy-tigo-cca-kit-includes-cloud-connect-advanced-tigo-access-point-power-supply-and-ip67-enclosure-366","Tigo CCA Kit, Includes Cloud Connect Advanced, Tigo Access Point, Power Supply, and IP67 Enclosure","Solar panels","category","Category 'Solar panels' looks wrong; this is a monitoring and communications kit."
"catalog-366","tigo-energy-tigo-cca-kit-includes-cloud-connect-advanced-tigo-access-point-power-supply-and-ip67-enclosure-366","Tigo CCA Kit, Includes Cloud Connect Advanced, Tigo Access Point, Power Supply, and IP67 Enclosure","Solar panels","other","Product name lists a power supply and IP67 enclosure, but the source text does not confirm the power supply or the IP67 rating."
"catalog-207","tigo-energy-tigo-energy-meter-for-battery-storage-200a-2-cts-supports-50a-ats-207","Tigo Energy Meter for Battery Storage | 200A, 2 CTs, Supports 50A ATS","Batteries","category","Category 'Batteries' looks wrong; this is an energy meter."
"catalog-367","tigo-energy-tigo-rss-signal-detector-verifies-tigo-rsd-module-signal-reception-and-compliance-with-nec-690-12-367","Tigo RSS Signal Detector, Verifies Tigo RSD Module Signal Reception and Compliance with NEC 690.12","Solar panels","category","Category 'Solar panels' looks wrong; this is a test tool."
"catalog-208","tigo-energy-tigo-ts4-a-o-optimization-monitoring-rapid-shutdown-long-cable-10-pack-208","Tigo TS4-A-O | Optimization, Monitoring & Rapid Shutdown. Long Cable | 10 Pack","Solar panels","category","Category 'Solar panels' looks wrong; these are optimisers."
"catalog-208","tigo-energy-tigo-ts4-a-o-optimization-monitoring-rapid-shutdown-long-cable-10-pack-208","Tigo TS4-A-O | Optimization, Monitoring & Rapid Shutdown. Long Cable | 10 Pack","Solar panels","thin or truncated source","Source text is truncated and includes unrelated video and support text, which was ignored."
"catalog-208","tigo-energy-tigo-ts4-a-o-optimization-monitoring-rapid-shutdown-long-cable-10-pack-208","Tigo TS4-A-O | Optimization, Monitoring & Rapid Shutdown. Long Cable | 10 Pack","Solar panels","rating or data conflict","CCA operating temperature here (-20°C to 85°C) differs from the CCA kit listing (-20°C to 70°C)."
"catalog-209","tigo-energy-tigo-ts4-a-o-optimization-monitoring-rapid-shutdown-long-cable-20-pack-209","Tigo TS4-A-O | Optimization, Monitoring & Rapid Shutdown. Long Cable | 20 Pack","Solar panels","category","Category 'Solar panels' looks wrong; these are optimisers."
"catalog-209","tigo-energy-tigo-ts4-a-o-optimization-monitoring-rapid-shutdown-long-cable-20-pack-209","Tigo TS4-A-O | Optimization, Monitoring & Rapid Shutdown. Long Cable | 20 Pack","Solar panels","thin or truncated source","Source text is truncated and includes unrelated video and support text, which was ignored."
"catalog-209","tigo-energy-tigo-ts4-a-o-optimization-monitoring-rapid-shutdown-long-cable-20-pack-209","Tigo TS4-A-O | Optimization, Monitoring & Rapid Shutdown. Long Cable | 20 Pack","Solar panels","rating or data conflict","CCA operating temperature here (-20°C to 85°C) differs from the CCA kit listing (-20°C to 70°C)."
"catalog-210","tigo-energy-tigo-ts4-a-o-optimization-monitoring-rapid-shutdown-long-cable-5-pack-210","Tigo TS4-A-O | Optimization, Monitoring & Rapid Shutdown. Long Cable | 5 Pack","Solar panels","category","Category 'Solar panels' looks wrong; these are optimisers."
"catalog-210","tigo-energy-tigo-ts4-a-o-optimization-monitoring-rapid-shutdown-long-cable-5-pack-210","Tigo TS4-A-O | Optimization, Monitoring & Rapid Shutdown. Long Cable | 5 Pack","Solar panels","thin or truncated source","Source text is truncated and includes unrelated video and support text, which was ignored."
"catalog-210","tigo-energy-tigo-ts4-a-o-optimization-monitoring-rapid-shutdown-long-cable-5-pack-210","Tigo TS4-A-O | Optimization, Monitoring & Rapid Shutdown. Long Cable | 5 Pack","Solar panels","rating or data conflict","CCA operating temperature here (-20°C to 85°C) differs from the CCA kit listing (-20°C to 70°C)."
"catalog-368","current-connected-trina-solar-445w-bifacial-solar-panels-vertex-s-glass-144-monocrystalline-cells-all-black-frame-for-resid-368","Trina Solar 445W Bifacial Solar Panels, Vertex S Glass, 144 Monocrystalline Cells, All-Black Frame for Residential Solar Power","Solar panels","other","Name says 'Vertex S Glass' while the source describes the Vertex S+ TSM-NEG9RC.27; confirm model."
"catalog-368","current-connected-trina-solar-445w-bifacial-solar-panels-vertex-s-glass-144-monocrystalline-cells-all-black-frame-for-resid-368","Trina Solar 445W Bifacial Solar Panels, Vertex S Glass, 144 Monocrystalline Cells, All-Black Frame for Residential Solar Power","Solar panels","thin or truncated source","Source text is truncated."
"catalog-211","signature-solar-trina-vertex-pallet-of-420w-bifacial-solar-panels-36-panels-211","Trina Vertex Pallet of 420W Bifacial Solar Panels | 36 Panels","Solar panels","rating or data conflict","Source gives conflicting figures: 'up to 430W' vs 420W, and 'up to 21.5%' vs 21.0% efficiency; efficiency not stated."
"catalog-212","signature-solar-tucker-30-water-fed-pole-bare-212","Tucker 30 Water Fed Pole - Bare","Accessories","other","Window cleaning equipment; may not fit the store's power product range."
"catalog-212","signature-solar-tucker-30-water-fed-pole-bare-212","Tucker 30 Water Fed Pole - Bare","Accessories","other","Name says 'Bare' but the source mentions an included gooseneck and a weight with brush attached; confirm contents."
"catalog-213","signature-solar-tucker-alpha-glide-213","Tucker Alpha Glide","Accessories","other","Window cleaning equipment; may not fit the store's power product range."
"catalog-214","signature-solar-tucker-alpha-premium-boar-bristle-water-fed-brush-214","Tucker Alpha Premium Boar Bristle Water Fed Brush","Accessories","other","Window cleaning equipment; may not fit the store's power product range."
"catalog-215","signature-solar-tucker-alpha-solar-20-honey-badger-215","Tucker Alpha Solar 20"" Honey Badger","Solar panels","category","Category 'Solar panels' looks wrong; this is a cleaning brush system."
"catalog-215","signature-solar-tucker-alpha-solar-20-honey-badger-215","Tucker Alpha Solar 20"" Honey Badger","Solar panels","other","Source mentions walnut pads, but they are not in the included list."
"catalog-216","signature-solar-tucker-hand-carry-hose-reel-216","Tucker Hand Carry Hose Reel","Portable power","category","Category 'Portable power' looks wrong; this is a hose reel."
"catalog-216","signature-solar-tucker-hand-carry-hose-reel-216","Tucker Hand Carry Hose Reel","Portable power","other","Cleaning equipment; may not fit the store's power product range."
"catalog-321","victron-energy-epoch-battery-12v-460ah-5-89kwh-v2-t-elite-series-heated-and-bluetooth-with-victron-comms-mobile-and-outd-321","Epoch Battery 12V 460Ah 5.89kWh V2-T Elite Series, Heated and Bluetooth with Victron Comms, Mobile and Outdoor LiFePO4 Battery","Solar panels","other","Brand is listed as Victron Energy, but the product is made by Epoch."
"catalog-321","victron-energy-epoch-battery-12v-460ah-5-89kwh-v2-t-elite-series-heated-and-bluetooth-with-victron-comms-mobile-and-outd-321","Epoch Battery 12V 460Ah 5.89kWh V2-T Elite Series, Heated and Bluetooth with Victron Comms, Mobile and Outdoor LiFePO4 Battery","Solar panels","category","Category 'Solar panels' looks wrong; this is a battery."
"catalog-321","victron-energy-epoch-battery-12v-460ah-5-89kwh-v2-t-elite-series-heated-and-bluetooth-with-victron-comms-mobile-and-outd-321","Epoch Battery 12V 460Ah 5.89kWh V2-T Elite Series, Heated and Bluetooth with Victron Comms, Mobile and Outdoor LiFePO4 Battery","Solar panels","thin or truncated source","Source text is truncated."
"catalog-371","victron-energy-victron-24v-quattro-5kva-120v-inverter-120a-charger-residential-low-frequency-inverter-371","Victron 24V Quattro 5kVA 120V Inverter 120A Charger, Residential Low Frequency Inverter","Home integration","rating or data conflict","ratedOutputW is 0, which conflicts with the source's continuous output figure; neither output figure used."
"catalog-371","victron-energy-victron-24v-quattro-5kva-120v-inverter-120a-charger-residential-low-frequency-inverter-371","Victron 24V Quattro 5kVA 120V Inverter 120A Charger, Residential Low Frequency Inverter","Home integration","other","Name says 120A charger while the source model code ends 120-100/100; confirm model."
"catalog-371","victron-energy-victron-24v-quattro-5kva-120v-inverter-120a-charger-residential-low-frequency-inverter-371","Victron 24V Quattro 5kVA 120V Inverter 120A Charger, Residential Low Frequency Inverter","Home integration","category","Category 'Home integration' may be too broad; this is an inverter-charger."
"catalog-371","victron-energy-victron-24v-quattro-5kva-120v-inverter-120a-charger-residential-low-frequency-inverter-371","Victron 24V Quattro 5kVA 120V Inverter 120A Charger, Residential Low Frequency Inverter","Home integration","thin or truncated source","Source text is truncated."
"catalog-219","victron-energy-victron-cerbo-gx-mk2-219","Victron Cerbo GX MK2","Batteries","category","Category 'Batteries' looks wrong; this is a system controller."
"catalog-219","victron-energy-victron-cerbo-gx-mk2-219","Victron Cerbo GX MK2","Batteries","other","Possible duplicate of catalog-373 (also Cerbo GX MK2)."
"catalog-221","victron-energy-victron-ekrano-gx-bpp900480100-221","Victron Ekrano GX | BPP900480100","Solar panels","category","Category 'Solar panels' looks wrong; this is a system controller."
"catalog-221","victron-energy-victron-ekrano-gx-bpp900480100-221","Victron Ekrano GX | BPP900480100","Solar panels","other","Possible duplicate of catalog-374 (also Ekrano GX)."
"catalog-227","victron-energy-victron-energy-gx-touch-50-227","Victron Energy | GX Touch 50","Batteries","category","Category 'Batteries' looks wrong; this is a display."
"catalog-227","victron-energy-victron-energy-gx-touch-50-227","Victron Energy | GX Touch 50","Batteries","other","Source text contained leftover HTML markup, which was ignored."
"catalog-228","victron-energy-victron-energy-gx-touch-70-228","Victron Energy | GX Touch 70","Home integration","category","Category 'Home integration' may be too broad; this is a display."
"catalog-229","victron-energy-victron-energy-orion-tr-12-48-8a-isolated-dc-dc-converter-229","Victron Energy | Orion-Tr 12/48-8A Isolated | DC-DC converter","Batteries","other","Rated output not confirmed by the product name; wattage not stated in prose."
"catalog-229","victron-energy-victron-energy-orion-tr-12-48-8a-isolated-dc-dc-converter-229","Victron Energy | Orion-Tr 12/48-8A Isolated | DC-DC converter","Batteries","category","Category 'Batteries' looks wrong; this is a DC-DC converter."
"catalog-230","victron-energy-victron-energy-orion-tr-48-12-30a-360w-isolated-dc-dc-converter-230","Victron Energy | Orion-Tr 48/12-30A (360W) Isolated DC-DC Converter","Batteries","category","Category 'Batteries' looks wrong; this is a DC-DC converter."
"catalog-372","victron-energy-victron-energy-blue-smart-ip22-battery-charger-24v-16a-lithium-and-lead-acid-battery-charger-120vac-charg-372","Victron Energy Blue Smart IP22 Battery Charger 24V/16A, Lithium and Lead-Acid Battery Charger, 120Vac Charger with NEMA 5-15P Plug","Batteries","category","Category 'Batteries' looks wrong; this is a charger."
"catalog-222","victron-energy-victron-energy-buck-boost-dc-dc-converter-25a-ori303025000-222","Victron Energy Buck-Boost | DC/DC Converter 25A | ORI303025000","Batteries","thin or truncated source","thin source"
"catalog-222","victron-energy-victron-energy-buck-boost-dc-dc-converter-25a-ori303025000-222","Victron Energy Buck-Boost | DC/DC Converter 25A | ORI303025000","Batteries","category","Category 'Batteries' looks wrong; this is a DC-DC converter."
"catalog-223","victron-energy-victron-energy-buck-boost-dc-dc-converter-50a-ori303050000-223","Victron Energy Buck-Boost | DC/DC Converter 50A | ORI303050000","Batteries","thin or truncated source","thin source"
"catalog-223","victron-energy-victron-energy-buck-boost-dc-dc-converter-50a-ori303050000-223","Victron Energy Buck-Boost | DC/DC Converter 50A | ORI303050000","Batteries","category","Category 'Batteries' looks wrong; this is a DC-DC converter."
"catalog-223","victron-energy-victron-energy-buck-boost-dc-dc-converter-50a-ori303050000-223","Victron Energy Buck-Boost | DC/DC Converter 50A | ORI303050000","Batteries","other","Benefit about larger batteries is inferred from the higher current rating in the name."
"catalog-373","victron-energy-victron-energy-cerbo-gx-mk2-system-controller-and-monitor-for-12v-24v-and-48v-systems-wi-fi-and-ethernet--373","Victron Energy Cerbo GX MK2 System Controller and Monitor for 12V, 24V, and 48V Systems, Wi-Fi and Ethernet Compatible","Home integration","other","Possible duplicate of catalog-219 (also Cerbo GX MK2)."
"catalog-373","victron-energy-victron-energy-cerbo-gx-mk2-system-controller-and-monitor-for-12v-24v-and-48v-systems-wi-fi-and-ethernet--373","Victron Energy Cerbo GX MK2 System Controller and Monitor for 12V, 24V, and 48V Systems, Wi-Fi and Ethernet Compatible","Home integration","category","Category 'Home integration' may be too broad; this is a system controller."
"catalog-373","victron-energy-victron-energy-cerbo-gx-mk2-system-controller-and-monitor-for-12v-24v-and-48v-systems-wi-fi-and-ethernet--373","Victron Energy Cerbo GX MK2 System Controller and Monitor for 12V, 24V, and 48V Systems, Wi-Fi and Ethernet Compatible","Home integration","thin or truncated source","Source text is truncated."
"catalog-374","victron-energy-victron-energy-ekrano-gx-system-controller-connects-victron-system-to-vrm-using-wifi-or-lan-connection-374","Victron Energy Ekrano GX System Controller, Connects Victron System to VRM Using WiFi or LAN Connection","Home integration","other","Possible duplicate of catalog-221 (also Ekrano GX)."
"catalog-374","victron-energy-victron-energy-ekrano-gx-system-controller-connects-victron-system-to-vrm-using-wifi-or-lan-connection-374","Victron Energy Ekrano GX System Controller, Connects Victron System to VRM Using WiFi or LAN Connection","Home integration","category","Category 'Home integration' may be too broad; this is a system controller."
"catalog-374","victron-energy-victron-energy-ekrano-gx-system-controller-connects-victron-system-to-vrm-using-wifi-or-lan-connection-374","Victron Energy Ekrano GX System Controller, Connects Victron System to VRM Using WiFi or LAN Connection","Home integration","thin or truncated source","Source text is truncated."
"catalog-375","victron-energy-victron-energy-globallink-520-4g-lte-m-data-for-connection-to-vrm-victronconnect-connects-up-to-2-ve-dire-375","Victron Energy GlobalLink 520, 4G LTE-M Data for Connection to VRM, VictronConnect, Connects Up to 2 VE.Direct Devices, Supports RuuviTag Sensors","Batteries","other","Source describes a five-year data service term and SIM replacement; omitted as a service promise and should be confirmed separately."
"catalog-375","victron-energy-victron-energy-globallink-520-4g-lte-m-data-for-connection-to-vrm-victronconnect-connects-up-to-2-ve-dire-375","Victron Energy GlobalLink 520, 4G LTE-M Data for Connection to VRM, VictronConnect, Connects Up to 2 VE.Direct Devices, Supports RuuviTag Sensors","Batteries","category","Category 'Batteries' looks wrong; this is a connectivity device."
"catalog-376","victron-energy-victron-energy-inverter-48-1200-120v-ve-direct-1200w-dc-to-ac-inverter-for-powering-loads-built-in-ac-out-376","Victron Energy Inverter 48/1200 120V VE.Direct, 1200W DC to AC Inverter for Powering Loads, Built-In AC Outlet","Batteries","category","Category 'Batteries' looks wrong; this is an inverter."
"catalog-376","victron-energy-victron-energy-inverter-48-1200-120v-ve-direct-1200w-dc-to-ac-inverter-for-powering-loads-built-in-ac-out-376","Victron Energy Inverter 48/1200 120V VE.Direct, 1200W DC to AC Inverter for Powering Loads, Built-In AC Outlet","Batteries","other","Name mentions a built-in AC outlet, which the source text does not describe."
"catalog-377","victron-energy-victron-energy-lynx-shunt-ve-can-with-m10-interconnections-calculates-and-monitors-battery-power-works-wi-377","Victron Energy Lynx Shunt VE.Can with M10 Interconnections, Calculates and Monitors Battery Power, Works with GX Devices for Remote Monitoring","Batteries","category","Category 'Batteries' may be too broad; this is a battery shunt and distribution module."
"catalog-378","victron-energy-victron-energy-multiplus-12v-2kva-120v-ac-output-inverter-80a-battery-charger-mobile-inverter-378","Victron Energy MultiPlus 12V 2kVA 120V AC Output Inverter, 80A Battery Charger, Mobile Inverter","Home integration","category","Category 'Home integration' may be too broad; this is an inverter-charger."
"catalog-224","victron-energy-victron-energy-multiplus-24-3000-24v-input-3000va-output-120v-ve-bus-70a-charger-transfer-switch-ul-1741-224","Victron Energy MultiPlus 24/3000 | 24V Input | 3000VA Output 120V VE.Bus | 70A Charger | Transfer Switch | UL 1741","Batteries","category","Category 'Batteries' looks wrong; this is an inverter-charger."
"catalog-379","victron-energy-victron-energy-multiplus-24v-2kva-120v-ac-output-inverter-50a-battery-charger-ul-458-mobile-low-frequency-379","Victron Energy MultiPlus 24V 2kVA 120V AC Output Inverter, 50A Battery Charger, UL 458 Mobile Low Frequency Inverter","Home integration","other","ratedOutputW of 11 appears to be the zero load power consumption, not rated output; not used."
"catalog-379","victron-energy-victron-energy-multiplus-24v-2kva-120v-ac-output-inverter-50a-battery-charger-ul-458-mobile-low-frequency-379","Victron Energy MultiPlus 24V 2kVA 120V AC Output Inverter, 50A Battery Charger, UL 458 Mobile Low Frequency Inverter","Home integration","category","Category 'Home integration' may be too broad; this is an inverter-charger."
"catalog-381","victron-energy-victron-energy-multiplus-ii-12v-3kva-120v-ac-output-inverter-120a-battery-charger-ul-458-ul-1741-inverter-381","Victron Energy MultiPlus-II 12V 3kVA 120V AC Output Inverter, 120A Battery Charger, UL 458 & UL 1741 Inverter","Batteries","rating or data conflict","ratedOutputW of 13 appears to be idle consumption and conflicts with the source's continuous output; neither figure used."
"catalog-381","victron-energy-victron-energy-multiplus-ii-12v-3kva-120v-ac-output-inverter-120a-battery-charger-ul-458-ul-1741-inverter-381","Victron Energy MultiPlus-II 12V 3kVA 120V AC Output Inverter, 120A Battery Charger, UL 458 & UL 1741 Inverter","Batteries","category","Category 'Batteries' looks wrong; this is an inverter-charger."
"catalog-382","victron-energy-victron-energy-multiplus-ii-12v-3kva-2x120v-inverter-120a-battery-charger-120-240v-passthrough-ul-458-inv-382","Victron Energy MultiPlus-II 12V 3kVA 2x120V Inverter 120A Battery Charger, 120/240V Passthrough, UL 458 Inverter","Batteries","rating or data conflict","ratedOutputW of 15 appears to be idle consumption and conflicts with the source's continuous output; neither figure used."
"catalog-382","victron-energy-victron-energy-multiplus-ii-12v-3kva-2x120v-inverter-120a-battery-charger-120-240v-passthrough-ul-458-inv-382","Victron Energy MultiPlus-II 12V 3kVA 2x120V Inverter 120A Battery Charger, 120/240V Passthrough, UL 458 Inverter","Batteries","category","Category 'Batteries' looks wrong; this is an inverter-charger."
"catalog-382","victron-energy-victron-energy-multiplus-ii-12v-3kva-2x120v-inverter-120a-battery-charger-120-240v-passthrough-ul-458-inv-382","Victron Energy MultiPlus-II 12V 3kVA 2x120V Inverter 120A Battery Charger, 120/240V Passthrough, UL 458 Inverter","Batteries","thin or truncated source","Source text is truncated."
"catalog-226","victron-energy-victron-energy-multiplus-ii-24-3000-24v-input-3000va-output-120v-ve-bus-70a-charger-transfer-switch-ul-17-226","Victron Energy MultiPlus-II 24/3000 | 24V Input | 3000VA Output 120V VE.Bus | 70A Charger | Transfer Switch | UL 1741","Batteries","other","Name says UL 1741 but the source lists UL 458 and not UL 1741; certification needs checking."
"catalog-226","victron-energy-victron-energy-multiplus-ii-24-3000-24v-input-3000va-output-120v-ve-bus-70a-charger-transfer-switch-ul-17-226","Victron Energy MultiPlus-II 24/3000 | 24V Input | 3000VA Output 120V VE.Bus | 70A Charger | Transfer Switch | UL 1741","Batteries","category","Category 'Batteries' looks wrong; this is an inverter-charger."
"catalog-383","victron-energy-victron-energy-multiplus-ii-24v-3kva-120v-ac-output-inverter-70a-battery-charger-ul-458-mobile-inverter-383","Victron Energy MultiPlus-II 24V 3kVA 120V AC Output Inverter, 70A Battery Charger, UL 458 Mobile Inverter","Batteries","rating or data conflict","ratedOutputW of 13 appears to be idle consumption and conflicts with the source's continuous output; neither figure used."
"catalog-383","victron-energy-victron-energy-multiplus-ii-24v-3kva-120v-ac-output-inverter-70a-battery-charger-ul-458-mobile-inverter-383","Victron Energy MultiPlus-II 24V 3kVA 120V AC Output Inverter, 70A Battery Charger, UL 458 Mobile Inverter","Batteries","category","Category 'Batteries' looks wrong; this is an inverter-charger."
"catalog-384","victron-energy-victron-energy-multiplus-ii-24v-3kva-2x120v-inverter-70a-battery-charger-120-240v-passthrough-ul-458-inve-384","Victron Energy MultiPlus-II 24V 3kVA 2x120V Inverter 70A Battery Charger, 120/240V Passthrough, UL 458 Inverter for Mobile Energy Systems","Batteries","rating or data conflict","ratedOutputW of 11 appears to be idle consumption and conflicts with the source's continuous output; neither figure used."
"catalog-384","victron-energy-victron-energy-multiplus-ii-24v-3kva-2x120v-inverter-70a-battery-charger-120-240v-passthrough-ul-458-inve-384","Victron Energy MultiPlus-II 24V 3kVA 2x120V Inverter 70A Battery Charger, 120/240V Passthrough, UL 458 Inverter for Mobile Energy Systems","Batteries","category","Category 'Batteries' looks wrong; this is an inverter-charger."
"catalog-385","victron-energy-victron-energy-multiplus-ii-24v-5kva-120v-ac-output-inverter-120a-battery-charger-95a-passthrough-mobile--385","Victron Energy MultiPlus-II 24V 5kVA 120V AC Output Inverter, 120A Battery Charger, 95A Passthrough Mobile Inverter","Batteries","other","Rated output not confirmed by the product name; wattage not stated in prose."
"catalog-385","victron-energy-victron-energy-multiplus-ii-24v-5kva-120v-ac-output-inverter-120a-battery-charger-95a-passthrough-mobile--385","Victron Energy MultiPlus-II 24V 5kVA 120V AC Output Inverter, 120A Battery Charger, 95A Passthrough Mobile Inverter","Batteries","category","Category 'Batteries' looks wrong; this is an inverter-charger."
"catalog-386","victron-energy-victron-energy-multiplus-ii-24v-5kva-230v-inverter-120a-charger-50a-ac-passthrough-386","Victron Energy MultiPlus-II 24V 5kVA 230V Inverter 120A Charger, 50A AC Passthrough","Batteries","thin or truncated source","thin source"
"catalog-386","victron-energy-victron-energy-multiplus-ii-24v-5kva-230v-inverter-120a-charger-50a-ac-passthrough-386","Victron Energy MultiPlus-II 24V 5kVA 230V Inverter 120A Charger, 50A AC Passthrough","Batteries","category","Category 'Batteries' looks wrong; this is an inverter-charger."
"catalog-386","victron-energy-victron-energy-multiplus-ii-24v-5kva-230v-inverter-120a-charger-50a-ac-passthrough-386","Victron Energy MultiPlus-II 24V 5kVA 230V Inverter 120A Charger, 50A AC Passthrough","Batteries","other","230V output may not suit North American homes; confirm the listing is intended."
"catalog-387","victron-energy-victron-energy-multiplus-ii-48v-3kva-120v-ac-output-35a-battery-charger-ul-1741-residential-low-frequency-387","Victron Energy MultiPlus-II 48V 3kVA 120V AC Output, 35A Battery Charger, UL 1741 Residential Low Frequency Inverter-Charger","Solar panels","category","Category 'Solar panels' looks wrong; this is an inverter-charger."
"catalog-387","victron-energy-victron-energy-multiplus-ii-48v-3kva-120v-ac-output-35a-battery-charger-ul-1741-residential-low-frequency-387","Victron Energy MultiPlus-II 48V 3kVA 120V AC Output, 35A Battery Charger, UL 1741 Residential Low Frequency Inverter-Charger","Solar panels","thin or truncated source","manufacturerText is truncated mid-sentence in the split-phase section."
"catalog-388","victron-energy-victron-energy-multiplus-ii-48v-5kva-120v-ac-output-70a-battery-charger-low-frequency-inverter-charger-ul-388","Victron Energy MultiPlus-II 48V 5kVA 120V AC Output, 70A Battery Charger, Low Frequency Inverter-Charger, UL 1741","Solar panels","category","Category 'Solar panels' looks wrong; this is an inverter-charger."
"catalog-388","victron-energy-victron-energy-multiplus-ii-48v-5kva-120v-ac-output-70a-battery-charger-low-frequency-inverter-charger-ul-388","Victron Energy MultiPlus-II 48V 5kVA 120V AC Output, 70A Battery Charger, Low Frequency Inverter-Charger, UL 1741","Solar panels","thin or truncated source","manufacturerText is truncated in the dual AC outputs section."
"catalog-389","victron-energy-victron-energy-phoenix-12v-1-2kva-120v-inverter-ul-458-nema-5-15r-receptacle-389","Victron Energy Phoenix 12V 1.2kVA 120V Inverter, UL 458, NEMA 5-15R Receptacle","Solar panels","category","Category 'Solar panels' looks wrong; this is a DC-to-AC inverter."
"catalog-389","victron-energy-victron-energy-phoenix-12v-1-2kva-120v-inverter-ul-458-nema-5-15r-receptacle-389","Victron Energy Phoenix 12V 1.2kVA 120V Inverter, UL 458, NEMA 5-15R Receptacle","Solar panels","other","UL 458 appears in the product name only, not in manufacturerText."
"catalog-389","victron-energy-victron-energy-phoenix-12v-1-2kva-120v-inverter-ul-458-nema-5-15r-receptacle-389","Victron Energy Phoenix 12V 1.2kVA 120V Inverter, UL 458, NEMA 5-15R Receptacle","Solar panels","other","Possible overlap with catalog-242 (Phoenix 12/1200 VE.Direct); confirm these are distinct listings."
"catalog-391","victron-energy-victron-energy-quattro-12v-5kva-120v-inverter-220a-charger-residential-and-mobile-low-frequency-inverter-391","Victron Energy Quattro 12V 5kVA 120V Inverter 220A Charger, Residential and Mobile Low Frequency Inverter","Home integration","rating or data conflict","ratedOutputW is 0, which conflicts with the continuous rating in manufacturerText; continuous watt figure omitted from copy."
"catalog-391","victron-energy-victron-energy-quattro-12v-5kva-120v-inverter-220a-charger-residential-and-mobile-low-frequency-inverter-391","Victron Energy Quattro 12V 5kVA 120V Inverter 220A Charger, Residential and Mobile Low Frequency Inverter","Home integration","thin or truncated source","manufacturerText is truncated in the power connections section."
"catalog-408","victron-energy-victron-energy-quattro-48v-10kva-120v-inverter-140a-charger-ul-1741-residential-low-frequency-inverter-408","Victron Energy Quattro 48V 10kVA 120V Inverter 140A Charger, UL 1741 Residential Low Frequency Inverter","Home integration","rating or data conflict","ratedOutputW is 0, which conflicts with the continuous rating in manufacturerText; continuous watt figure omitted from copy."
"catalog-408","victron-energy-victron-energy-quattro-48v-10kva-120v-inverter-140a-charger-ul-1741-residential-low-frequency-inverter-408","Victron Energy Quattro 48V 10kVA 120V Inverter 140A Charger, UL 1741 Residential Low Frequency Inverter","Home integration","other","Possible duplicate of catalog-245 (Quattro 48/10000/140-100/100 120V UL)."
"catalog-408","victron-energy-victron-energy-quattro-48v-10kva-120v-inverter-140a-charger-ul-1741-residential-low-frequency-inverter-408","Victron Energy Quattro 48V 10kVA 120V Inverter 140A Charger, UL 1741 Residential Low Frequency Inverter","Home integration","thin or truncated source","manufacturerText is truncated in the power connections section."
"catalog-407","victron-energy-victron-energy-quattro-48v-15kva-230v-inverter-200a-charger-low-frequency-inverter-for-230v-european-powe-407","Victron Energy Quattro 48V 15kVA 230V Inverter 200A Charger, Low Frequency Inverter For 230V European Power Systems","Home integration","other","ratedOutputW is 0 and no continuous watt rating is given in manufacturerText; rating omitted."
"catalog-407","victron-energy-victron-energy-quattro-48v-15kva-230v-inverter-200a-charger-low-frequency-inverter-for-230v-european-powe-407","Victron Energy Quattro 48V 15kVA 230V Inverter 200A Charger, Low Frequency Inverter For 230V European Power Systems","Home integration","rating or data conflict","manufacturerText states '60kWA' total for 6 paralleled units, which does not match 6 x 15kVA; figure omitted."
"catalog-407","victron-energy-victron-energy-quattro-48v-15kva-230v-inverter-200a-charger-low-frequency-inverter-for-230v-european-powe-407","Victron Energy Quattro 48V 15kVA 230V Inverter 200A Charger, Low Frequency Inverter For 230V European Power Systems","Home integration","thin or truncated source","thin source"
"catalog-403","victron-energy-victron-energy-quattro-48v-15kva-277v-inverter-200a-charger-commercial-industrial-battery-inverter-charge-403","Victron Energy Quattro 48V 15kVA 277V Inverter 200A Charger, Commercial & Industrial Battery Inverter Charger","Home integration","other","ratedOutputW 36000 matches the text's figure for a three-unit set, not a single unit; confirm whether this listing is one unit or a set. Continuous figure omitted."
"catalog-403","victron-energy-victron-energy-quattro-48v-15kva-277v-inverter-200a-charger-commercial-industrial-battery-inverter-charge-403","Victron Energy Quattro 48V 15kVA 277V Inverter 200A Charger, Commercial & Industrial Battery Inverter Charger","Home integration","thin or truncated source","manufacturerText is truncated at the end."
"catalog-409","victron-energy-victron-energy-quattro-48v-5kva-120v-inverter-70a-charger-ul-1741-residential-low-frequency-inverter-409","Victron Energy Quattro 48V 5kVA 120V Inverter 70A Charger, UL 1741 Residential Low Frequency Inverter","Home integration","rating or data conflict","ratedOutputW is 0, which conflicts with the continuous rating in manufacturerText; continuous watt figure omitted from copy."
"catalog-409","victron-energy-victron-energy-quattro-48v-5kva-120v-inverter-70a-charger-ul-1741-residential-low-frequency-inverter-409","Victron Energy Quattro 48V 5kVA 120V Inverter 70A Charger, UL 1741 Residential Low Frequency Inverter","Home integration","thin or truncated source","manufacturerText is truncated in the power connections section."
"catalog-405","victron-energy-victron-energy-quattro-ii-12v-3kva-2x120v-inverter-120a-battery-charger-120-240v-passthrough-405","Victron Energy Quattro-II 12V 3kVA 2x120V Inverter 120A Battery Charger, 120/240V Passthrough","Home integration","rating or data conflict","ratedOutputW 400 conflicts with the continuous rating in manufacturerText; continuous watt figure omitted from copy."
"catalog-405","victron-energy-victron-energy-quattro-ii-12v-3kva-2x120v-inverter-120a-battery-charger-120-240v-passthrough-405","Victron Energy Quattro-II 12V 3kVA 2x120V Inverter 120A Battery Charger, 120/240V Passthrough","Home integration","thin or truncated source","manufacturerText is incomplete ('L1 on the main output has a transfer time of' has no value) and truncated at the end."
"catalog-404","victron-energy-victron-energy-quattro-ii-24v-3kva-2x120v-inverter-70a-battery-charger-120-240v-passthrough-residential-a-404","Victron Energy Quattro-II 24V 3kVA 2x120V Inverter 70A Battery Charger, 120/240V Passthrough, Residential and Mobile Inverter","Home integration","rating or data conflict","ratedOutputW 400 conflicts with the continuous rating in manufacturerText; continuous watt figure omitted from copy."
"catalog-404","victron-energy-victron-energy-quattro-ii-24v-3kva-2x120v-inverter-70a-battery-charger-120-240v-passthrough-residential-a-404","Victron Energy Quattro-II 24V 3kVA 2x120V Inverter 70A Battery Charger, 120/240V Passthrough, Residential and Mobile Inverter","Home integration","thin or truncated source","manufacturerText is incomplete ('L1 on the main output has a transfer time of' has no value) and truncated at the end."
"catalog-406","victron-energy-victron-energy-smart-ip43-1-1-charger-12v-50a-battery-charger-for-lithium-and-lead-acid-batteries-85-250v-406","Victron Energy Smart IP43 1+1 Charger, 12V 50A Battery Charger For Lithium and Lead-Acid Batteries, 85-250Vac Power Input","Batteries","category","Category 'Batteries' may be wrong; this is a battery charger."
"catalog-402","victron-energy-victron-energy-smart-ip43-charger-48-13-single-output-120-240v-input-48v-battery-charger-and-dc-power-sup-402","Victron Energy Smart IP43 Charger 48/13 Single Output, 120-240V Input, 48V Battery Charger and DC Power Supply, 13A Charge Current","Home integration","other","ratedOutputW 800 appears to reflect the charger's input power demand in manufacturerText, not output; figure omitted."
"catalog-402","victron-energy-victron-energy-smart-ip43-charger-48-13-single-output-120-240v-input-48v-battery-charger-and-dc-power-sup-402","Victron Energy Smart IP43 Charger 48/13 Single Output, 120-240V Input, 48V Battery Charger and DC Power Supply, 13A Charge Current","Home integration","thin or truncated source","manufacturerText is truncated at the end."
"catalog-231","victron-energy-victron-lynx-distributor-m10-231","Victron Lynx Distributor (M10)","Batteries","category","Category 'Batteries' may be wrong; this is DC distribution hardware."
"catalog-231","victron-energy-victron-lynx-distributor-m10-231","Victron Lynx Distributor (M10)","Batteries","other","Possible duplicate of catalog-393 (Lynx Distributor with M10 interconnections)."
"catalog-393","victron-energy-victron-lynx-distributor-lynx-power-distribution-system-with-m10-interconnections-1000a-fused-busbar-with-393","Victron Lynx Distributor, Lynx Power Distribution System with M10 Interconnections, 1000A Fused Busbar with 4 Positive Positions and 4 Negative Positions","Home integration","other","Possible duplicate of catalog-231 (Lynx Distributor M10)."
"catalog-232","victron-energy-victron-lynx-shunt-ve-can-1000a-m10-232","Victron Lynx Shunt VE.Can | 1000A | M10","Batteries","category","Category 'Batteries' may be wrong; this is a shunt and battery monitor."
"catalog-233","victron-energy-victron-multiplus-12-2000-80-50-120v-ve-bus-ul-233","Victron MultiPlus 12/2000/80-50 120V VE.Bus (UL)","Home integration","other","Specific UL standard is not stated in manufacturerText; name says '(UL)' only."
"catalog-234","victron-energy-victron-multiplus-12-3000-120-50-120v-ve-bus-ul-1741-458-234","Victron MultiPlus 12/3000/120-50 120V VE.Bus (UL 1741 & 458)","Batteries","category","Category 'Batteries' looks wrong; this is an inverter-charger."
"catalog-234","victron-energy-victron-multiplus-12-3000-120-50-120v-ve-bus-ul-1741-458-234","Victron MultiPlus 12/3000/120-50 120V VE.Bus (UL 1741 & 458)","Batteries","other","UL 1741 and UL 458 appear in the product name only."
"catalog-234","victron-energy-victron-multiplus-12-3000-120-50-120v-ve-bus-ul-1741-458-234","Victron MultiPlus 12/3000/120-50 120V VE.Bus (UL 1741 & 458)","Batteries","thin or truncated source","thin source"
"catalog-238","victron-energy-victron-multiplus-ii-48-5000-70-95-120v-238","Victron MultiPlus-II 48/5000/70-95 120V","Home integration","other","manufacturerText notes this unit was briefly marketed as the MultiGrid-II."
"catalog-239","victron-energy-victron-multiplus-ii-48-8000-48v-input-8000va-output-230v-110a-charger-transfer-switch-239","Victron MultiPlus-II 48/8000 | 48v Input | 8000VA Output 230V | 110A Charger | Transfer Switch","Batteries","category","Category 'Batteries' looks wrong; this is an inverter-charger."
"catalog-239","victron-energy-victron-multiplus-ii-48-8000-48v-input-8000va-output-230v-110a-charger-transfer-switch-239","Victron MultiPlus-II 48/8000 | 48v Input | 8000VA Output 230V | 110A Charger | Transfer Switch","Batteries","other","manufacturerText heading says 'MultiPlus 48/8000' while the name says MultiPlus-II."
"catalog-239","victron-energy-victron-multiplus-ii-48-8000-48v-input-8000va-output-230v-110a-charger-transfer-switch-239","Victron MultiPlus-II 48/8000 | 48v Input | 8000VA Output 230V | 110A Charger | Transfer Switch","Batteries","thin or truncated source","thin source"
"catalog-240","victron-energy-victron-orion-tr-12-12-30a-360w-isolated-dc-dc-converter-voltage-regulator-240","Victron Orion-Tr 12/12-30A (360W) Isolated DC-DC converter | Voltage Regulator","Batteries","other","manufacturerText contains leftover page markup at the start."
"catalog-240","victron-energy-victron-orion-tr-12-12-30a-360w-isolated-dc-dc-converter-voltage-regulator-240","Victron Orion-Tr 12/12-30A (360W) Isolated DC-DC converter | Voltage Regulator","Batteries","category","Category 'Batteries' may be wrong; this is a DC-DC converter."
"catalog-241","victron-energy-victron-orion-tr-smart-12-12-30a-360w-isolated-dc-dc-charger-241","Victron Orion-Tr Smart 12/12-30A (360W) Isolated DC-DC charger","Batteries","category","Category 'Batteries' may be wrong; this is a DC-DC charger."
"catalog-242","victron-energy-victron-phoenix-inverter-12-1200-ve-direct-1200va-output-12vdc-input-120vac-output-242","Victron Phoenix Inverter 12/1200 | VE.Direct | 1200VA Output| 12VDC Input | 120VAC Output","Batteries","rating or data conflict","ratedOutputW 10 appears to be idle consumption, not output; conflicts with the 1200VA name. Figure omitted."
"catalog-242","victron-energy-victron-phoenix-inverter-12-1200-ve-direct-1200va-output-12vdc-input-120vac-output-242","Victron Phoenix Inverter 12/1200 | VE.Direct | 1200VA Output| 12VDC Input | 120VAC Output","Batteries","category","Category 'Batteries' looks wrong; this is an inverter."
"catalog-242","victron-energy-victron-phoenix-inverter-12-1200-ve-direct-1200va-output-12vdc-input-120vac-output-242","Victron Phoenix Inverter 12/1200 | VE.Direct | 1200VA Output| 12VDC Input | 120VAC Output","Batteries","other","Possible overlap with catalog-389 (Phoenix 12V 1.2kVA)."
"catalog-243","victron-energy-victron-phoenix-inverter-24-1200-ve-direct-1200va-output-24vdc-input-120vac-output-243","Victron Phoenix Inverter 24/1200 | VE.Direct | 1200VA Output| 24VDC Input | 120VAC Output","Batteries","rating or data conflict","ratedOutputW 10 appears to be idle consumption, not output; conflicts with the 1200VA name. Figure omitted."
"catalog-243","victron-energy-victron-phoenix-inverter-24-1200-ve-direct-1200va-output-24vdc-input-120vac-output-243","Victron Phoenix Inverter 24/1200 | VE.Direct | 1200VA Output| 24VDC Input | 120VAC Output","Batteries","category","Category 'Batteries' looks wrong; this is an inverter."
"catalog-244","victron-energy-victron-phoenix-inverter-48-1200-ve-direct-1200va-output-48vdc-input-120vac-output-244","Victron Phoenix Inverter 48/1200 | VE.Direct | 1200VA Output| 48VDC Input | 120VAC Output","Batteries","rating or data conflict","ratedOutputW 10 appears to be idle consumption, not output; conflicts with the 1200VA name. Figure omitted."
"catalog-244","victron-energy-victron-phoenix-inverter-48-1200-ve-direct-1200va-output-48vdc-input-120vac-output-244","Victron Phoenix Inverter 48/1200 | VE.Direct | 1200VA Output| 48VDC Input | 120VAC Output","Batteries","category","Category 'Batteries' looks wrong; this is an inverter."
"catalog-244","victron-energy-victron-phoenix-inverter-48-1200-ve-direct-1200va-output-48vdc-input-120vac-output-244","Victron Phoenix Inverter 48/1200 | VE.Direct | 1200VA Output| 48VDC Input | 120VAC Output","Batteries","other","manufacturerText contains another business's support promise, which was not used."
"catalog-245","victron-energy-victron-quattro-48-10000-140-100-100-120v-ve-bus-ul-245","Victron Quattro 48/10000/140-100/100 120V VE.Bus UL","Home integration","other","Possible duplicate of catalog-408 (Quattro 48V 10kVA 120V UL 1741)."
"catalog-245","victron-energy-victron-quattro-48-10000-140-100-100-120v-ve-bus-ul-245","Victron Quattro 48/10000/140-100/100 120V VE.Bus UL","Home integration","other","Specific UL standard not stated in manufacturerText."
"catalog-246","victron-energy-victron-quattro-48-3000-48v-input-3000w-output-120v-35a-charger-transfer-switch-246","Victron Quattro 48/3000 | 48V Input | 3000W Output 120V | 35A Charger | Transfer Switch","Batteries","category","Category 'Batteries' looks wrong; this is an inverter-charger."
"catalog-246","victron-energy-victron-quattro-48-3000-48v-input-3000w-output-120v-35a-charger-transfer-switch-246","Victron Quattro 48/3000 | 48V Input | 3000W Output 120V | 35A Charger | Transfer Switch","Batteries","thin or truncated source","thin source"
"catalog-249","victron-energy-victron-smartsolar-mppt-150-100-tr-ve-can-249","Victron SmartSolar MPPT 150/100-Tr VE.Can","Solar panels","category","Category 'Solar panels' looks wrong; this is a solar charge controller."
"catalog-250","victron-energy-victron-smartsolar-mppt-150-70-tr-250","Victron SmartSolar MPPT 150/70-Tr","Solar panels","other","manufacturerText contains leftover page markup at the start."
"catalog-250","victron-energy-victron-smartsolar-mppt-150-70-tr-250","Victron SmartSolar MPPT 150/70-Tr","Solar panels","category","Category 'Solar panels' looks wrong; this is a solar charge controller."
"catalog-250","victron-energy-victron-smartsolar-mppt-150-70-tr-250","Victron SmartSolar MPPT 150/70-Tr","Solar panels","thin or truncated source","Dimensions are truncated in manufacturerText."
"catalog-251","victron-energy-victron-smartsolar-mppt-150-70-tr-ve-can-251","Victron SmartSolar MPPT 150/70-Tr VE.Can","Batteries","category","Category 'Batteries' looks wrong; this is a solar charge controller."
"catalog-252","victron-energy-victron-smartsolar-mppt-250-100-tr-ve-can-252","Victron SmartSolar MPPT 250/100-Tr VE.Can","Batteries","other","manufacturerText contains leftover page markup."
"catalog-252","victron-energy-victron-smartsolar-mppt-250-100-tr-ve-can-252","Victron SmartSolar MPPT 250/100-Tr VE.Can","Batteries","category","Category 'Batteries' looks wrong; this is a solar charge controller."
"catalog-252","victron-energy-victron-smartsolar-mppt-250-100-tr-ve-can-252","Victron SmartSolar MPPT 250/100-Tr VE.Can","Batteries","other","manufacturerText claims adjustable load output settings, which could not be verified for this model; omitted."
"catalog-252","victron-energy-victron-smartsolar-mppt-250-100-tr-ve-can-252","Victron SmartSolar MPPT 250/100-Tr VE.Can","Batteries","thin or truncated source","manufacturerText is truncated at the end."
"catalog-253","victron-energy-victron-smartsolar-mppt-rs-450v-200a-charge-controller-253","Victron SmartSolar MPPT RS 450V/200A Charge Controller","Solar panels","category","Category 'Solar panels' looks wrong; this is a solar charge controller."
"catalog-253","victron-energy-victron-smartsolar-mppt-rs-450v-200a-charge-controller-253","Victron SmartSolar MPPT RS 450V/200A Charge Controller","Solar panels","other","manufacturerText contains another business's support promise, which was not used."
"catalog-395","wera-wera-2go-shk-1-tool-set-for-plumbing-and-hvac-applications-30-pieces-with-carrying-container-includes-kni-395","Wera 2go SHK 1 Tool Set for Plumbing and HVAC Applications, 30 Pieces with Carrying Container, Includes KNIPEX, STABILA, PICARD, PUK, BESSEY, and More","Solar panels","category","Category 'Solar panels' looks wrong; this is a tool set."
"catalog-395","wera-wera-2go-shk-1-tool-set-for-plumbing-and-hvac-applications-30-pieces-with-carrying-container-includes-kni-395","Wera 2go SHK 1 Tool Set for Plumbing and HVAC Applications, 30 Pieces with Carrying Container, Includes KNIPEX, STABILA, PICARD, PUK, BESSEY, and More","Solar panels","other","Name says plumbing and HVAC applications while manufacturerText describes solar and electrical use."
"catalog-395","wera-wera-2go-shk-1-tool-set-for-plumbing-and-hvac-applications-30-pieces-with-carrying-container-includes-kni-395","Wera 2go SHK 1 Tool Set for Plumbing and HVAC Applications, 30 Pieces with Carrying Container, Includes KNIPEX, STABILA, PICARD, PUK, BESSEY, and More","Solar panels","other","manufacturerText spells the brand 'STABLIA'; name spelling STABILA used."
"catalog-396","wera-wera-6000-joker-11-set-1-dual-ended-ratcheting-combination-wrenches-set-integrated-limit-stop-for-holding-396","Wera 6000 Joker 11 Set 1, Dual-Ended Ratcheting Combination Wrenches Set, Integrated Limit-Stop for Holding Nuts and Bolts, 11 Pieces","Solar panels","category","Category 'Solar panels' looks wrong; this is a wrench set."
"catalog-396","wera-wera-6000-joker-11-set-1-dual-ended-ratcheting-combination-wrenches-set-integrated-limit-stop-for-holding-396","Wera 6000 Joker 11 Set 1, Dual-Ended Ratcheting Combination Wrenches Set, Integrated Limit-Stop for Holding Nuts and Bolts, 11 Pieces","Solar panels","thin or truncated source","manufacturerText is truncated at the end."
"catalog-397","wera-wera-7440-41-42-kraftform-torque-screwdriver-set-0-3-6-0nm-3x-torque-screwdrivers-and-24x-bits-plastic-ca-397","Wera 7440/41/42 Kraftform Torque Screwdriver Set, 0.3-6.0Nm, 3x Torque Screwdrivers and 24x Bits, Plastic Carrying Case","Solar panels","category","Category 'Solar panels' looks wrong; this is a torque screwdriver set."
"catalog-397","wera-wera-7440-41-42-kraftform-torque-screwdriver-set-0-3-6-0nm-3x-torque-screwdrivers-and-24x-bits-plastic-ca-397","Wera 7440/41/42 Kraftform Torque Screwdriver Set, 0.3-6.0Nm, 3x Torque Screwdrivers and 24x Bits, Plastic Carrying Case","Solar panels","thin or truncated source","manufacturerText is truncated at the end."
"catalog-398","wera-wera-9524-photovoltaic-mounting-tool-set-1-for-installing-solar-connectors-7-piece-set-398","Wera 9524 Photovoltaic Mounting Tool Set 1 for Installing Solar Connectors, 7 Piece Set","Solar panels","category","Category 'Solar panels' looks wrong; this is a tool set."
"catalog-398","wera-wera-9524-photovoltaic-mounting-tool-set-1-for-installing-solar-connectors-7-piece-set-398","Wera 9524 Photovoltaic Mounting Tool Set 1 for Installing Solar Connectors, 7 Piece Set","Solar panels","other","Only 6 of the 7 tools are identified in manufacturerText."
"catalog-400","wera-wera-kraftform-kompakt-vde-17-extra-slim-2-tool-set-17-piece-insulated-tool-set-with-racheting-handle-and-400","Wera Kraftform Kompakt VDE 17 Extra Slim 2 Tool Set, 17 Piece Insulated Tool Set with Racheting Handle and Interchangeable Blades","Solar panels","category","Category 'Solar panels' looks wrong; this is an insulated tool set."
"catalog-400","wera-wera-kraftform-kompakt-vde-17-extra-slim-2-tool-set-17-piece-insulated-tool-set-with-racheting-handle-and-400","Wera Kraftform Kompakt VDE 17 Extra Slim 2 Tool Set, 17 Piece Insulated Tool Set with Racheting Handle and Interchangeable Blades","Solar panels","thin or truncated source","manufacturerText is truncated at the end."
"catalog-401","wera-wera-kraftform-kompakt-vde-24-allrounder-set-1-insulated-tool-set-with-t-handle-adapter-and-interchangeab-401","Wera Kraftform Kompakt VDE 24 Allrounder Set 1, Insulated Tool Set with T-Handle Adapter and Interchangeable Blades, 25 Pieces","Solar panels","category","Category 'Solar panels' looks wrong; this is an insulated tool set."
"catalog-401","wera-wera-kraftform-kompakt-vde-24-allrounder-set-1-insulated-tool-set-with-t-handle-adapter-and-interchangeab-401","Wera Kraftform Kompakt VDE 24 Allrounder Set 1, Insulated Tool Set with T-Handle Adapter and Interchangeable Blades, 25 Pieces","Solar panels","thin or truncated source","manufacturerText is truncated at the end."
